family,n_clusters,n_features,n_samples,clusterer,reducer,reduction_level,condition,ari,replicates,unit
circles,2,10,2000,AHC,Isomap,25_percent,Isomap__25_percent,0.65000909121498907,50,circles|2|10|2000
circles,2,10,2000,AHC,Isomap,50_percent,Isomap__50_percent,0.62189891072360437,50,circles|2|10|2000
circles,2,10,2000,AHC,Isomap,k_minus_1,Isomap__k_minus_1,0.58499053962998349,50,circles|2|10|2000
circles,2,10,2000,AHC,KernelPCA,25_percent,KernelPCA__25_percent,0.82780316385706643,50,circles|2|10|2000
circles,2,10,2000,AHC,KernelPCA,50_percent,KernelPCA__50_percent,0.83657200372570428,50,circles|2|10|2000
circles,2,10,2000,AHC,KernelPCA,k_minus_1,KernelPCA__k_minus_1,0.83404139423550916,50,circles|2|10|2000
circles,2,10,2000,AHC,MDS,25_percent,MDS__25_percent,0.13025749259873121,50,circles|2|10|2000
circles,2,10,2000,AHC,MDS,50_percent,MDS__50_percent,0.12799743825574222,50,circles|2|10|2000
circles,2,10,2000,AHC,MDS,k_minus_1,MDS__k_minus_1,0.12701912829031214,50,circles|2|10|2000
circles,2,10,2000,AHC,None,original,None__original,0.14069885731873455,50,circles|2|10|2000
circles,2,10,2000,AHC,PCA,25_percent,PCA__25_percent,0.13347058605006309,50,circles|2|10|2000
circles,2,10,2000,AHC,PCA,50_percent,PCA__50_percent,0.12904763861096735,50,circles|2|10|2000
circles,2,10,2000,AHC,PCA,k_minus_1,PCA__k_minus_1,0.12524030634853137,50,circles|2|10|2000
circles,2,10,2000,AHC,VAE,25_percent,VAE__25_percent,0.1407897968386288,50,circles|2|10|2000
circles,2,10,2000,AHC,VAE,50_percent,VAE__50_percent,0.14667486733277713,50,circles|2|10|2000
circles,2,10,2000,AHC,VAE,k_minus_1,VAE__k_minus_1,0.14771226523252357,50,circles|2|10|2000
circles,2,10,2000,GMM,Isomap,25_percent,Isomap__25_percent,0.93851271440359096,50,circles|2|10|2000
circles,2,10,2000,GMM,Isomap,50_percent,Isomap__50_percent,0.95302549286364024,50,circles|2|10|2000
circles,2,10,2000,GMM,Isomap,k_minus_1,Isomap__k_minus_1,0.82265530093867445,50,circles|2|10|2000
circles,2,10,2000,GMM,KernelPCA,25_percent,KernelPCA__25_percent,0.68293476470507597,50,circles|2|10|2000
circles,2,10,2000,GMM,KernelPCA,50_percent,KernelPCA__50_percent,0.83510625818629591,50,circles|2|10|2000
circles,2,10,2000,GMM,KernelPCA,k_minus_1,KernelPCA__k_minus_1,0.64321834879830231,50,circles|2|10|2000
circles,2,10,2000,GMM,MDS,25_percent,MDS__25_percent,-6.4919752358860643e-05,50,circles|2|10|2000
circles,2,10,2000,GMM,MDS,50_percent,MDS__50_percent,0.00041482813344054692,50,circles|2|10|2000
circles,2,10,2000,GMM,MDS,k_minus_1,MDS__k_minus_1,-0.00017482843988054171,50,circles|2|10|2000
circles,2,10,2000,GMM,None,original,None__original,5.0886626636010117e-05,50,circles|2|10|2000
circles,2,10,2000,GMM,PCA,25_percent,PCA__25_percent,0.00028060256993288368,50,circles|2|10|2000
circles,2,10,2000,GMM,PCA,50_percent,PCA__50_percent,0.00043754493737793645,50,circles|2|10|2000
circles,2,10,2000,GMM,PCA,k_minus_1,PCA__k_minus_1,0.00018216147509785168,50,circles|2|10|2000
circles,2,10,2000,GMM,VAE,25_percent,VAE__25_percent,0.021734045129621737,50,circles|2|10|2000
circles,2,10,2000,GMM,VAE,50_percent,VAE__50_percent,0.066513579975868958,50,circles|2|10|2000
circles,2,10,2000,GMM,VAE,k_minus_1,VAE__k_minus_1,0.011388601085937512,50,circles|2|10|2000
circles,2,10,2000,KMeans,Isomap,25_percent,Isomap__25_percent,0.66243610030552347,50,circles|2|10|2000
circles,2,10,2000,KMeans,Isomap,50_percent,Isomap__50_percent,0.66340198299956588,50,circles|2|10|2000
circles,2,10,2000,KMeans,Isomap,k_minus_1,Isomap__k_minus_1,0.59630450475929875,50,circles|2|10|2000
circles,2,10,2000,KMeans,KernelPCA,25_percent,KernelPCA__25_percent,0.67920440992182207,50,circles|2|10|2000
circles,2,10,2000,KMeans,KernelPCA,50_percent,KernelPCA__50_percent,0.80989473060895545,50,circles|2|10|2000
circles,2,10,2000,KMeans,KernelPCA,k_minus_1,KernelPCA__k_minus_1,0.68122554010414438,50,circles|2|10|2000
circles,2,10,2000,KMeans,MDS,25_percent,MDS__25_percent,-0.00035685491366880645,50,circles|2|10|2000
circles,2,10,2000,KMeans,MDS,50_percent,MDS__50_percent,-0.00034139797621990771,50,circles|2|10|2000
circles,2,10,2000,KMeans,MDS,k_minus_1,MDS__k_minus_1,-0.00039070271185333294,50,circles|2|10|2000
circles,2,10,2000,KMeans,None,original,None__original,-0.0003424622795814728,50,circles|2|10|2000
circles,2,10,2000,KMeans,PCA,25_percent,PCA__25_percent,-0.00034788558297601954,50,circles|2|10|2000
circles,2,10,2000,KMeans,PCA,50_percent,PCA__50_percent,-0.00033781859845819986,50,circles|2|10|2000
circles,2,10,2000,KMeans,PCA,k_minus_1,PCA__k_minus_1,-0.00034738075479267281,50,circles|2|10|2000
circles,2,10,2000,KMeans,VAE,25_percent,VAE__25_percent,0.00043775393428124393,50,circles|2|10|2000
circles,2,10,2000,KMeans,VAE,50_percent,VAE__50_percent,-7.2590258994445698e-06,50,circles|2|10|2000
circles,2,10,2000,KMeans,VAE,k_minus_1,VAE__k_minus_1,0.00024132183647826208,50,circles|2|10|2000
circles,2,10,2000,OPTICS,Isomap,25_percent,Isomap__25_percent,0.97860172052219385,50,circles|2|10|2000
circles,2,10,2000,OPTICS,Isomap,50_percent,Isomap__50_percent,0.97824300108750739,50,circles|2|10|2000
circles,2,10,2000,OPTICS,Isomap,k_minus_1,Isomap__k_minus_1,0.75545575814166355,50,circles|2|10|2000
circles,2,10,2000,OPTICS,KernelPCA,25_percent,KernelPCA__25_percent,0.67663610764539628,50,circles|2|10|2000
circles,2,10,2000,OPTICS,KernelPCA,50_percent,KernelPCA__50_percent,0.76134545219126604,50,circles|2|10|2000
circles,2,10,2000,OPTICS,KernelPCA,k_minus_1,KernelPCA__k_minus_1,0.80522436546154608,50,circles|2|10|2000
circles,2,10,2000,OPTICS,MDS,25_percent,MDS__25_percent,0.061576073554896506,50,circles|2|10|2000
circles,2,10,2000,OPTICS,MDS,50_percent,MDS__50_percent,0.039720840357196599,50,circles|2|10|2000
circles,2,10,2000,OPTICS,MDS,k_minus_1,MDS__k_minus_1,0.43994639667481594,50,circles|2|10|2000
circles,2,10,2000,OPTICS,None,original,None__original,0.15980007999033016,50,circles|2|10|2000
circles,2,10,2000,OPTICS,PCA,25_percent,PCA__25_percent,0.13892200073802263,50,circles|2|10|2000
circles,2,10,2000,OPTICS,PCA,50_percent,PCA__50_percent,0.02,50,circles|2|10|2000
circles,2,10,2000,OPTICS,PCA,k_minus_1,PCA__k_minus_1,0.69939243288504482,50,circles|2|10|2000
circles,2,10,2000,OPTICS,VAE,25_percent,VAE__25_percent,0.79765869226492203,50,circles|2|10|2000
circles,2,10,2000,OPTICS,VAE,50_percent,VAE__50_percent,0.78633500999563055,50,circles|2|10|2000
circles,2,10,2000,OPTICS,VAE,k_minus_1,VAE__k_minus_1,0.82907303935184506,50,circles|2|10|2000
circles,2,50,2000,AHC,Isomap,25_percent,Isomap__25_percent,0.28414443171395537,50,circles|2|50|2000
circles,2,50,2000,AHC,Isomap,50_percent,Isomap__50_percent,0.2832005622501772,50,circles|2|50|2000
circles,2,50,2000,AHC,Isomap,k_minus_1,Isomap__k_minus_1,0.31058802229736421,50,circles|2|50|2000
circles,2,50,2000,AHC,KernelPCA,25_percent,KernelPCA__25_percent,0.98241702328014791,50,circles|2|50|2000
circles,2,50,2000,AHC,KernelPCA,50_percent,KernelPCA__50_percent,1,50,circles|2|50|2000
circles,2,50,2000,AHC,KernelPCA,k_minus_1,KernelPCA__k_minus_1,1,50,circles|2|50|2000
circles,2,50,2000,AHC,MDS,25_percent,MDS__25_percent,0.13707365712860115,50,circles|2|50|2000
circles,2,50,2000,AHC,MDS,50_percent,MDS__50_percent,0.14492573194292083,50,circles|2|50|2000
circles,2,50,2000,AHC,MDS,k_minus_1,MDS__k_minus_1,0.14745435211764513,50,circles|2|50|2000
circles,2,50,2000,AHC,None,original,None__original,0.15065475125517999,50,circles|2|50|2000
circles,2,50,2000,AHC,PCA,25_percent,PCA__25_percent,0.14406298321804178,50,circles|2|50|2000
circles,2,50,2000,AHC,PCA,50_percent,PCA__50_percent,0.13644772891931525,50,circles|2|50|2000
circles,2,50,2000,AHC,PCA,k_minus_1,PCA__k_minus_1,0.14644280989979644,50,circles|2|50|2000
circles,2,50,2000,AHC,VAE,25_percent,VAE__25_percent,0.16086395015830554,50,circles|2|50|2000
circles,2,50,2000,AHC,VAE,50_percent,VAE__50_percent,0.1593338199078134,50,circles|2|50|2000
circles,2,50,2000,AHC,VAE,k_minus_1,VAE__k_minus_1,0.16719477235301039,50,circles|2|50|2000
circles,2,50,2000,GMM,Isomap,25_percent,Isomap__25_percent,0.81104786442559162,50,circles|2|50|2000
circles,2,50,2000,GMM,Isomap,50_percent,Isomap__50_percent,0.53134849541913898,50,circles|2|50|2000
circles,2,50,2000,GMM,Isomap,k_minus_1,Isomap__k_minus_1,0.27429961476323106,50,circles|2|50|2000
circles,2,50,2000,GMM,KernelPCA,25_percent,KernelPCA__25_percent,1,50,circles|2|50|2000
circles,2,50,2000,GMM,KernelPCA,50_percent,KernelPCA__50_percent,0.98602244996379129,50,circles|2|50|2000
circles,2,50,2000,GMM,KernelPCA,k_minus_1,KernelPCA__k_minus_1,0.99991999998002001,50,circles|2|50|2000
circles,2,50,2000,GMM,MDS,25_percent,MDS__25_percent,-0.00023874596742030533,50,circles|2|50|2000
circles,2,50,2000,GMM,MDS,50_percent,MDS__50_percent,3.0023731217069472e-05,50,circles|2|50|2000
circles,2,50,2000,GMM,MDS,k_minus_1,MDS__k_minus_1,-0.00042383067402226464,50,circles|2|50|2000
circles,2,50,2000,GMM,None,original,None__original,0.00018835139291496043,50,circles|2|50|2000
circles,2,50,2000,GMM,PCA,25_percent,PCA__25_percent,-0.00013040122315833332,50,circles|2|50|2000
circles,2,50,2000,GMM,PCA,50_percent,PCA__50_percent,1.1476990535803147e-06,50,circles|2|50|2000
circles,2,50,2000,GMM,PCA,k_minus_1,PCA__k_minus_1,-0.00024528002973664192,50,circles|2|50|2000
circles,2,50,2000,GMM,VAE,25_percent,VAE__25_percent,0.23329039427244747,50,circles|2|50|2000
circles,2,50,2000,GMM,VAE,50_percent,VAE__50_percent,0.24014598257951786,50,circles|2|50|2000
circles,2,50,2000,GMM,VAE,k_minus_1,VAE__k_minus_1,0.026253009966352981,50,circles|2|50|2000
circles,2,50,2000,KMeans,Isomap,25_percent,Isomap__25_percent,0.285089676688771,50,circles|2|50|2000
circles,2,50,2000,KMeans,Isomap,50_percent,Isomap__50_percent,0.28498078562215312,50,circles|2|50|2000
circles,2,50,2000,KMeans,Isomap,k_minus_1,Isomap__k_minus_1,0.217696552224076,50,circles|2|50|2000
circles,2,50,2000,KMeans,KernelPCA,25_percent,KernelPCA__25_percent,1,50,circles|2|50|2000
circles,2,50,2000,KMeans,KernelPCA,50_percent,KernelPCA__50_percent,1,50,circles|2|50|2000
circles,2,50,2000,KMeans,KernelPCA,k_minus_1,KernelPCA__k_minus_1,1,50,circles|2|50|2000
circles,2,50,2000,KMeans,MDS,25_percent,MDS__25_percent,-0.00043848926637637004,50,circles|2|50|2000
circles,2,50,2000,KMeans,MDS,50_percent,MDS__50_percent,-0.00043590552177323003,50,circles|2|50|2000
circles,2,50,2000,KMeans,MDS,k_minus_1,MDS__k_minus_1,-0.00046184126480489204,50,circles|2|50|2000
circles,2,50,2000,KMeans,None,original,None__original,-0.000437346682641372,50,circles|2|50|2000
circles,2,50,2000,KMeans,PCA,25_percent,PCA__25_percent,-0.00043706568176431004,50,circles|2|50|2000
circles,2,50,2000,KMeans,PCA,50_percent,PCA__50_percent,-0.00043524405998561001,50,circles|2|50|2000
circles,2,50,2000,KMeans,PCA,k_minus_1,PCA__k_minus_1,-0.00043930423826938605,50,circles|2|50|2000
circles,2,50,2000,KMeans,VAE,25_percent,VAE__25_percent,0.0004921985485383686,50,circles|2|50|2000
circles,2,50,2000,KMeans,VAE,50_percent,VAE__50_percent,0.00027288103876468796,50,circles|2|50|2000
circles,2,50,2000,KMeans,VAE,k_minus_1,VAE__k_minus_1,0.00064102716906332363,50,circles|2|50|2000
circles,2,50,2000,OPTICS,Isomap,25_percent,Isomap__25_percent,0.99987999997002996,50,circles|2|50|2000
circles,2,50,2000,OPTICS,Isomap,50_percent,Isomap__50_percent,0.99920316142536147,50,circles|2|50|2000
circles,2,50,2000,OPTICS,Isomap,k_minus_1,Isomap__k_minus_1,0.98658402660519906,50,circles|2|50|2000
circles,2,50,2000,OPTICS,KernelPCA,25_percent,KernelPCA__25_percent,1,50,circles|2|50|2000
circles,2,50,2000,OPTICS,KernelPCA,50_percent,KernelPCA__50_percent,1,50,circles|2|50|2000
circles,2,50,2000,OPTICS,KernelPCA,k_minus_1,KernelPCA__k_minus_1,1,50,circles|2|50|2000
circles,2,50,2000,OPTICS,MDS,25_percent,MDS__25_percent,0.97999999999999998,50,circles|2|50|2000
circles,2,50,2000,OPTICS,MDS,50_percent,MDS__50_percent,1,50,circles|2|50|2000
circles,2,50,2000,OPTICS,MDS,k_minus_1,MDS__k_minus_1,1,50,circles|2|50|2000
circles,2,50,2000,OPTICS,None,original,None__original,0.97999999999999998,50,circles|2|50|2000
circles,2,50,2000,OPTICS,PCA,25_percent,PCA__25_percent,1,50,circles|2|50|2000
circles,2,50,2000,OPTICS,PCA,50_percent,PCA__50_percent,1,50,circles|2|50|2000
circles,2,50,2000,OPTICS,PCA,k_minus_1,PCA__k_minus_1,1,50,circles|2|50|2000
circles,2,50,2000,OPTICS,VAE,25_percent,VAE__25_percent,1,50,circles|2|50|2000
circles,2,50,2000,OPTICS,VAE,50_percent,VAE__50_percent,1,50,circles|2|50|2000
circles,2,50,2000,OPTICS,VAE,k_minus_1,VAE__k_minus_1,0.98580482800407798,50,circles|2|50|2000
circles,2,200,2000,AHC,Isomap,25_percent,Isomap__25_percent,0.17408707931732945,50,circles|2|200|2000
circles,2,200,2000,AHC,Isomap,50_percent,Isomap__50_percent,0.16723436299339742,50,circles|2|200|2000
circles,2,200,2000,AHC,Isomap,k_minus_1,Isomap__k_minus_1,0.13467934082190328,50,circles|2|200|2000
circles,2,200,2000,AHC,KernelPCA,25_percent,KernelPCA__25_percent,1,50,circles|2|200|2000
circles,2,200,2000,AHC,KernelPCA,50_percent,KernelPCA__50_percent,1,50,circles|2|200|2000
circles,2,200,2000,AHC,KernelPCA,k_minus_1,KernelPCA__k_minus_1,1,50,circles|2|200|2000
circles,2,200,2000,AHC,MDS,25_percent,MDS__25_percent,0.15552314508507312,50,circles|2|200|2000
circles,2,200,2000,AHC,MDS,50_percent,MDS__50_percent,0.14851819709388459,50,circles|2|200|2000
circles,2,200,2000,AHC,MDS,k_minus_1,MDS__k_minus_1,0.15949457072420434,50,circles|2|200|2000
circles,2,200,2000,AHC,None,original,None__original,0.15285501621099196,50,circles|2|200|2000
circles,2,200,2000,AHC,PCA,25_percent,PCA__25_percent,0.14941110365897448,50,circles|2|200|2000
circles,2,200,2000,AHC,PCA,50_percent,PCA__50_percent,0.14793618323092927,50,circles|2|200|2000
circles,2,200,2000,AHC,PCA,k_minus_1,PCA__k_minus_1,0.15579066079989004,50,circles|2|200|2000
circles,2,200,2000,AHC,VAE,25_percent,VAE__25_percent,0.20085471593720064,50,circles|2|200|2000
circles,2,200,2000,AHC,VAE,50_percent,VAE__50_percent,0.16864915437567662,50,circles|2|200|2000
circles,2,200,2000,AHC,VAE,k_minus_1,VAE__k_minus_1,0.12117662026760373,50,circles|2|200|2000
circles,2,200,2000,GMM,Isomap,25_percent,Isomap__25_percent,0.79938464102857298,50,circles|2|200|2000
circles,2,200,2000,GMM,Isomap,50_percent,Isomap__50_percent,0.82282657704980733,50,circles|2|200|2000
circles,2,200,2000,GMM,Isomap,k_minus_1,Isomap__k_minus_1,0.1394864150650002,50,circles|2|200|2000
circles,2,200,2000,GMM,KernelPCA,25_percent,KernelPCA__25_percent,1,50,circles|2|200|2000
circles,2,200,2000,GMM,KernelPCA,50_percent,KernelPCA__50_percent,1,50,circles|2|200|2000
circles,2,200,2000,GMM,KernelPCA,k_minus_1,KernelPCA__k_minus_1,1,50,circles|2|200|2000
circles,2,200,2000,GMM,MDS,25_percent,MDS__25_percent,0.0002762994630279719,50,circles|2|200|2000
circles,2,200,2000,GMM,MDS,50_percent,MDS__50_percent,0.0011749309365374008,50,circles|2|200|2000
circles,2,200,2000,GMM,MDS,k_minus_1,MDS__k_minus_1,-0.00047534060844053205,50,circles|2|200|2000
circles,2,200,2000,GMM,None,original,None__original,4.5094696589962293e-05,50,circles|2|200|2000
circles,2,200,2000,GMM,PCA,25_percent,PCA__25_percent,0.00012738890685498811,50,circles|2|200|2000
circles,2,200,2000,GMM,PCA,50_percent,PCA__50_percent,0.0009973589488663948,50,circles|2|200|2000
circles,2,200,2000,GMM,PCA,k_minus_1,PCA__k_minus_1,-0.00038916305958849997,50,circles|2|200|2000
circles,2,200,2000,GMM,VAE,25_percent,VAE__25_percent,0.11997366171467071,50,circles|2|200|2000
circles,2,200,2000,GMM,VAE,50_percent,VAE__50_percent,0.18981156761048834,50,circles|2|200|2000
circles,2,200,2000,GMM,VAE,k_minus_1,VAE__k_minus_1,0.037293149912592617,50,circles|2|200|2000
circles,2,200,2000,KMeans,Isomap,25_percent,Isomap__25_percent,0.13029281569194937,50,circles|2|200|2000
circles,2,200,2000,KMeans,Isomap,50_percent,Isomap__50_percent,0.13029305877651948,50,circles|2|200|2000
circles,2,200,2000,KMeans,Isomap,k_minus_1,Isomap__k_minus_1,0.13038423928089649,50,circles|2|200|2000
circles,2,200,2000,KMeans,KernelPCA,25_percent,KernelPCA__25_percent,1,50,circles|2|200|2000
circles,2,200,2000,KMeans,KernelPCA,50_percent,KernelPCA__50_percent,1,50,circles|2|200|2000
circles,2,200,2000,KMeans,KernelPCA,k_minus_1,KernelPCA__k_minus_1,1,50,circles|2|200|2000
circles,2,200,2000,KMeans,MDS,25_percent,MDS__25_percent,-0.00046786837342745804,50,circles|2|200|2000
circles,2,200,2000,KMeans,MDS,50_percent,MDS__50_percent,-0.00046664703192157806,50,circles|2|200|2000
circles,2,200,2000,KMeans,MDS,k_minus_1,MDS__k_minus_1,-0.00047784363243130805,50,circles|2|200|2000
circles,2,200,2000,KMeans,None,original,None__original,-0.00046542544989142402,50,circles|2|200|2000
circles,2,200,2000,KMeans,PCA,25_percent,PCA__25_percent,-0.00046376563068920197,50,circles|2|200|2000
circles,2,200,2000,KMeans,PCA,50_percent,PCA__50_percent,-0.00046506496926460402,50,circles|2|200|2000
circles,2,200,2000,KMeans,PCA,k_minus_1,PCA__k_minus_1,-0.00046547789905777999,50,circles|2|200|2000
circles,2,200,2000,KMeans,VAE,25_percent,VAE__25_percent,0.14385679715064523,50,circles|2|200|2000
circles,2,200,2000,KMeans,VAE,50_percent,VAE__50_percent,0.017787478145205645,50,circles|2|200|2000
circles,2,200,2000,KMeans,VAE,k_minus_1,VAE__k_minus_1,0.022113051260209113,50,circles|2|200|2000
circles,2,200,2000,OPTICS,Isomap,25_percent,Isomap__25_percent,0.99995999999000995,50,circles|2|200|2000
circles,2,200,2000,OPTICS,Isomap,50_percent,Isomap__50_percent,0.95776882064925706,50,circles|2|200|2000
circles,2,200,2000,OPTICS,Isomap,k_minus_1,Isomap__k_minus_1,1,50,circles|2|200|2000
circles,2,200,2000,OPTICS,KernelPCA,25_percent,KernelPCA__25_percent,1,50,circles|2|200|2000
circles,2,200,2000,OPTICS,KernelPCA,50_percent,KernelPCA__50_percent,1,50,circles|2|200|2000
circles,2,200,2000,OPTICS,KernelPCA,k_minus_1,KernelPCA__k_minus_1,1,50,circles|2|200|2000
circles,2,200,2000,OPTICS,MDS,25_percent,MDS__25_percent,1,50,circles|2|200|2000
circles,2,200,2000,OPTICS,MDS,50_percent,MDS__50_percent,1,50,circles|2|200|2000
circles,2,200,2000,OPTICS,MDS,k_minus_1,MDS__k_minus_1,1,50,circles|2|200|2000
circles,2,200,2000,OPTICS,None,original,None__original,1,50,circles|2|200|2000
circles,2,200,2000,OPTICS,PCA,25_percent,PCA__25_percent,1,50,circles|2|200|2000
circles,2,200,2000,OPTICS,PCA,50_percent,PCA__50_percent,1,50,circles|2|200|2000
circles,2,200,2000,OPTICS,PCA,k_minus_1,PCA__k_minus_1,1,50,circles|2|200|2000
circles,2,200,2000,OPTICS,VAE,25_percent,VAE__25_percent,1,50,circles|2|200|2000
circles,2,200,2000,OPTICS,VAE,50_percent,VAE__50_percent,1,50,circles|2|200|2000
circles,2,200,2000,OPTICS,VAE,k_minus_1,VAE__k_minus_1,1,50,circles|2|200|2000
circles,5,10,2000,AHC,Isomap,25_percent,Isomap__25_percent,0.17577113064463773,50,circles|5|10|2000
circles,5,10,2000,AHC,Isomap,50_percent,Isomap__50_percent,0.15392655261672833,50,circles|5|10|2000
circles,5,10,2000,AHC,Isomap,k_minus_1,Isomap__k_minus_1,0.16052149872652235,50,circles|5|10|2000
circles,5,10,2000,AHC,KernelPCA,25_percent,KernelPCA__25_percent,0.3185060834514728,50,circles|5|10|2000
circles,5,10,2000,AHC,KernelPCA,50_percent,KernelPCA__50_percent,0.32148964182137141,50,circles|5|10|2000
circles,5,10,2000,AHC,KernelPCA,k_minus_1,KernelPCA__k_minus_1,0.32480511716885713,50,circles|5|10|2000
circles,5,10,2000,AHC,MDS,25_percent,MDS__25_percent,0.25813294520755503,50,circles|5|10|2000
circles,5,10,2000,AHC,MDS,50_percent,MDS__50_percent,0.27792085330700594,50,circles|5|10|2000
circles,5,10,2000,AHC,MDS,k_minus_1,MDS__k_minus_1,0.27607212347052679,50,circles|5|10|2000
circles,5,10,2000,AHC,None,original,None__original,0.27017203618620256,50,circles|5|10|2000
circles,5,10,2000,AHC,PCA,25_percent,PCA__25_percent,0.266282108148581,50,circles|5|10|2000
circles,5,10,2000,AHC,PCA,50_percent,PCA__50_percent,0.29004215209218648,50,circles|5|10|2000
circles,5,10,2000,AHC,PCA,k_minus_1,PCA__k_minus_1,0.26702404254417283,50,circles|5|10|2000
circles,5,10,2000,AHC,VAE,25_percent,VAE__25_percent,0.27674997753637304,50,circles|5|10|2000
circles,5,10,2000,AHC,VAE,50_percent,VAE__50_percent,0.28685529669763588,50,circles|5|10|2000
circles,5,10,2000,AHC,VAE,k_minus_1,VAE__k_minus_1,0.28317947170235863,50,circles|5|10|2000
circles,5,10,2000,GMM,Isomap,25_percent,Isomap__25_percent,0.24805409945835735,50,circles|5|10|2000
circles,5,10,2000,GMM,Isomap,50_percent,Isomap__50_percent,0.28937309539093903,50,circles|5|10|2000
circles,5,10,2000,GMM,Isomap,k_minus_1,Isomap__k_minus_1,0.2903316890674198,50,circles|5|10|2000
circles,5,10,2000,GMM,KernelPCA,25_percent,KernelPCA__25_percent,0.22058497033932251,50,circles|5|10|2000
circles,5,10,2000,GMM,KernelPCA,50_percent,KernelPCA__50_percent,0.25320320598954771,50,circles|5|10|2000
circles,5,10,2000,GMM,KernelPCA,k_minus_1,KernelPCA__k_minus_1,0.26363737033425844,50,circles|5|10|2000
circles,5,10,2000,GMM,MDS,25_percent,MDS__25_percent,0.31028069044990197,50,circles|5|10|2000
circles,5,10,2000,GMM,MDS,50_percent,MDS__50_percent,0.30667554488314658,50,circles|5|10|2000
circles,5,10,2000,GMM,MDS,k_minus_1,MDS__k_minus_1,0.30583465173581847,50,circles|5|10|2000
circles,5,10,2000,GMM,None,original,None__original,0.13838729799251442,50,circles|5|10|2000
circles,5,10,2000,GMM,PCA,25_percent,PCA__25_percent,0.31118508103406967,50,circles|5|10|2000
circles,5,10,2000,GMM,PCA,50_percent,PCA__50_percent,0.31191307687683578,50,circles|5|10|2000
circles,5,10,2000,GMM,PCA,k_minus_1,PCA__k_minus_1,0.30808515405622972,50,circles|5|10|2000
circles,5,10,2000,GMM,VAE,25_percent,VAE__25_percent,0.30380402232717568,50,circles|5|10|2000
circles,5,10,2000,GMM,VAE,50_percent,VAE__50_percent,0.30384125848615218,50,circles|5|10|2000
circles,5,10,2000,GMM,VAE,k_minus_1,VAE__k_minus_1,0.30516312490721476,50,circles|5|10|2000
circles,5,10,2000,KMeans,Isomap,25_percent,Isomap__25_percent,0.2322801219161979,50,circles|5|10|2000
circles,5,10,2000,KMeans,Isomap,50_percent,Isomap__50_percent,0.24885605131653013,50,circles|5|10|2000
circles,5,10,2000,KMeans,Isomap,k_minus_1,Isomap__k_minus_1,0.23662305299987438,50,circles|5|10|2000
circles,5,10,2000,KMeans,KernelPCA,25_percent,KernelPCA__25_percent,0.2007839714075049,50,circles|5|10|2000
circles,5,10,2000,KMeans,KernelPCA,50_percent,KernelPCA__50_percent,0.26527570020913405,50,circles|5|10|2000
circles,5,10,2000,KMeans,KernelPCA,k_minus_1,KernelPCA__k_minus_1,0.26098288720767643,50,circles|5|10|2000
circles,5,10,2000,KMeans,MDS,25_percent,MDS__25_percent,0.27956073936667886,50,circles|5|10|2000
circles,5,10,2000,KMeans,MDS,50_percent,MDS__50_percent,0.28494417277144818,50,circles|5|10|2000
circles,5,10,2000,KMeans,MDS,k_minus_1,MDS__k_minus_1,0.2848648051612182,50,circles|5|10|2000
circles,5,10,2000,KMeans,None,original,None__original,0.29023811590056858,50,circles|5|10|2000
circles,5,10,2000,KMeans,PCA,25_percent,PCA__25_percent,0.28511251963714646,50,circles|5|10|2000
circles,5,10,2000,KMeans,PCA,50_percent,PCA__50_percent,0.29034648493463144,50,circles|5|10|2000
circles,5,10,2000,KMeans,PCA,k_minus_1,PCA__k_minus_1,0.29011663178873914,50,circles|5|10|2000
circles,5,10,2000,KMeans,VAE,25_percent,VAE__25_percent,0.32221864922586591,50,circles|5|10|2000
circles,5,10,2000,KMeans,VAE,50_percent,VAE__50_percent,0.32212883761974098,50,circles|5|10|2000
circles,5,10,2000,KMeans,VAE,k_minus_1,VAE__k_minus_1,0.32136169564279599,50,circles|5|10|2000
circles,5,10,2000,OPTICS,Isomap,25_percent,Isomap__25_percent,0.32231474789718029,50,circles|5|10|2000
circles,5,10,2000,OPTICS,Isomap,50_percent,Isomap__50_percent,0.39383130674909922,50,circles|5|10|2000
circles,5,10,2000,OPTICS,Isomap,k_minus_1,Isomap__k_minus_1,0.36592544138257216,50,circles|5|10|2000
circles,5,10,2000,OPTICS,KernelPCA,25_percent,KernelPCA__25_percent,0.50132178841299946,50,circles|5|10|2000
circles,5,10,2000,OPTICS,KernelPCA,50_percent,KernelPCA__50_percent,0.47150629160975782,50,circles|5|10|2000
circles,5,10,2000,OPTICS,KernelPCA,k_minus_1,KernelPCA__k_minus_1,0.48224518157027413,50,circles|5|10|2000
circles,5,10,2000,OPTICS,MDS,25_percent,MDS__25_percent,0.28997818164873779,50,circles|5|10|2000
circles,5,10,2000,OPTICS,MDS,50_percent,MDS__50_percent,0.36822901130839314,50,circles|5|10|2000
circles,5,10,2000,OPTICS,MDS,k_minus_1,MDS__k_minus_1,0.36046059089689353,50,circles|5|10|2000
circles,5,10,2000,OPTICS,None,original,None__original,0.38075135161054274,50,circles|5|10|2000
circles,5,10,2000,OPTICS,PCA,25_percent,PCA__25_percent,0.283088389446713,50,circles|5|10|2000
circles,5,10,2000,OPTICS,PCA,50_percent,PCA__50_percent,0.35519759174981652,50,circles|5|10|2000
circles,5,10,2000,OPTICS,PCA,k_minus_1,PCA__k_minus_1,0.36833532435162403,50,circles|5|10|2000
circles,5,10,2000,OPTICS,VAE,25_percent,VAE__25_percent,0.3546753505566943,50,circles|5|10|2000
circles,5,10,2000,OPTICS,VAE,50_percent,VAE__50_percent,0.3605583332889048,50,circles|5|10|2000
circles,5,10,2000,OPTICS,VAE,k_minus_1,VAE__k_minus_1,0.32581204496783556,50,circles|5|10|2000
circles,5,50,2000,AHC,Isomap,25_percent,Isomap__25_percent,0.22659873225660504,50,circles|5|50|2000
circles,5,50,2000,AHC,Isomap,50_percent,Isomap__50_percent,0.16901219048962657,50,circles|5|50|2000
circles,5,50,2000,AHC,Isomap,k_minus_1,Isomap__k_minus_1,0.23522726947487352,50,circles|5|50|2000
circles,5,50,2000,AHC,KernelPCA,25_percent,KernelPCA__25_percent,0.33490404939418089,50,circles|5|50|2000
circles,5,50,2000,AHC,KernelPCA,50_percent,KernelPCA__50_percent,0.33094517096939924,50,circles|5|50|2000
circles,5,50,2000,AHC,KernelPCA,k_minus_1,KernelPCA__k_minus_1,0.33670864553986651,50,circles|5|50|2000
circles,5,50,2000,AHC,MDS,25_percent,MDS__25_percent,0.28393534289754341,50,circles|5|50|2000
circles,5,50,2000,AHC,MDS,50_percent,MDS__50_percent,0.29189981357886252,50,circles|5|50|2000
circles,5,50,2000,AHC,MDS,k_minus_1,MDS__k_minus_1,0.28307339145481636,50,circles|5|50|2000
circles,5,50,2000,AHC,None,original,None__original,0.29146899095941659,50,circles|5|50|2000
circles,5,50,2000,AHC,PCA,25_percent,PCA__25_percent,0.29037482161001177,50,circles|5|50|2000
circles,5,50,2000,AHC,PCA,50_percent,PCA__50_percent,0.29929549145255668,50,circles|5|50|2000
circles,5,50,2000,AHC,PCA,k_minus_1,PCA__k_minus_1,0.2798124767580199,50,circles|5|50|2000
circles,5,50,2000,AHC,VAE,25_percent,VAE__25_percent,0.24155387106869694,50,circles|5|50|2000
circles,5,50,2000,AHC,VAE,50_percent,VAE__50_percent,0.24764788330395723,50,circles|5|50|2000
circles,5,50,2000,AHC,VAE,k_minus_1,VAE__k_minus_1,0.23193751712456914,50,circles|5|50|2000
circles,5,50,2000,GMM,Isomap,25_percent,Isomap__25_percent,0.24736807754154388,50,circles|5|50|2000
circles,5,50,2000,GMM,Isomap,50_percent,Isomap__50_percent,0.25285259668684323,50,circles|5|50|2000
circles,5,50,2000,GMM,Isomap,k_minus_1,Isomap__k_minus_1,0.17258158984642832,50,circles|5|50|2000
circles,5,50,2000,GMM,KernelPCA,25_percent,KernelPCA__25_percent,0.31567852405005781,50,circles|5|50|2000
circles,5,50,2000,GMM,KernelPCA,50_percent,KernelPCA__50_percent,0.34188448811206062,50,circles|5|50|2000
circles,5,50,2000,GMM,KernelPCA,k_minus_1,KernelPCA__k_minus_1,0.26450266307301384,50,circles|5|50|2000
circles,5,50,2000,GMM,MDS,25_percent,MDS__25_percent,0.30758668089446994,50,circles|5|50|2000
circles,5,50,2000,GMM,MDS,50_percent,MDS__50_percent,0.30439065823117817,50,circles|5|50|2000
circles,5,50,2000,GMM,MDS,k_minus_1,MDS__k_minus_1,0.31093495532813636,50,circles|5|50|2000
circles,5,50,2000,GMM,None,original,None__original,0.10812042926119139,50,circles|5|50|2000
circles,5,50,2000,GMM,PCA,25_percent,PCA__25_percent,0.30810897497160572,50,circles|5|50|2000
circles,5,50,2000,GMM,PCA,50_percent,PCA__50_percent,0.30435088822354239,50,circles|5|50|2000
circles,5,50,2000,GMM,PCA,k_minus_1,PCA__k_minus_1,0.31205573986841229,50,circles|5|50|2000
circles,5,50,2000,GMM,VAE,25_percent,VAE__25_percent,0.30343311380951027,50,circles|5|50|2000
circles,5,50,2000,GMM,VAE,50_percent,VAE__50_percent,0.20066569087788444,50,circles|5|50|2000
circles,5,50,2000,GMM,VAE,k_minus_1,VAE__k_minus_1,0.30292132705142971,50,circles|5|50|2000
circles,5,50,2000,KMeans,Isomap,25_percent,Isomap__25_percent,0.24763050169883308,50,circles|5|50|2000
circles,5,50,2000,KMeans,Isomap,50_percent,Isomap__50_percent,0.24800867361255141,50,circles|5|50|2000
circles,5,50,2000,KMeans,Isomap,k_minus_1,Isomap__k_minus_1,0.25281116536908926,50,circles|5|50|2000
circles,5,50,2000,KMeans,KernelPCA,25_percent,KernelPCA__25_percent,0.32443839921600592,50,circles|5|50|2000
circles,5,50,2000,KMeans,KernelPCA,50_percent,KernelPCA__50_percent,0.32571816571189616,50,circles|5|50|2000
circles,5,50,2000,KMeans,KernelPCA,k_minus_1,KernelPCA__k_minus_1,0.27104919228848162,50,circles|5|50|2000
circles,5,50,2000,KMeans,MDS,25_percent,MDS__25_percent,0.33022439105096196,50,circles|5|50|2000
circles,5,50,2000,KMeans,MDS,50_percent,MDS__50_percent,0.33035284856828412,50,circles|5|50|2000
circles,5,50,2000,KMeans,MDS,k_minus_1,MDS__k_minus_1,0.33036981733248572,50,circles|5|50|2000
circles,5,50,2000,KMeans,None,original,None__original,0.33029552270238155,50,circles|5|50|2000
circles,5,50,2000,KMeans,PCA,25_percent,PCA__25_percent,0.33030916326401327,50,circles|5|50|2000
circles,5,50,2000,KMeans,PCA,50_percent,PCA__50_percent,0.3300667576670524,50,circles|5|50|2000
circles,5,50,2000,KMeans,PCA,k_minus_1,PCA__k_minus_1,0.33015457343673582,50,circles|5|50|2000
circles,5,50,2000,KMeans,VAE,25_percent,VAE__25_percent,0.30299256326728308,50,circles|5|50|2000
circles,5,50,2000,KMeans,VAE,50_percent,VAE__50_percent,0.30142468128033928,50,circles|5|50|2000
circles,5,50,2000,KMeans,VAE,k_minus_1,VAE__k_minus_1,0.30291680732207488,50,circles|5|50|2000
circles,5,50,2000,OPTICS,Isomap,25_percent,Isomap__25_percent,0.53187152641399205,50,circles|5|50|2000
circles,5,50,2000,OPTICS,Isomap,50_percent,Isomap__50_percent,0.57476595516062046,50,circles|5|50|2000
circles,5,50,2000,OPTICS,Isomap,k_minus_1,Isomap__k_minus_1,0.53939280245357013,50,circles|5|50|2000
circles,5,50,2000,OPTICS,KernelPCA,25_percent,KernelPCA__25_percent,0.69236723151428836,50,circles|5|50|2000
circles,5,50,2000,OPTICS,KernelPCA,50_percent,KernelPCA__50_percent,0.72079842435173258,50,circles|5|50|2000
circles,5,50,2000,OPTICS,KernelPCA,k_minus_1,KernelPCA__k_minus_1,0.64281350756373867,50,circles|5|50|2000
circles,5,50,2000,OPTICS,MDS,25_percent,MDS__25_percent,0.59847066090720269,50,circles|5|50|2000
circles,5,50,2000,OPTICS,MDS,50_percent,MDS__50_percent,0.59579209960649582,50,circles|5|50|2000
circles,5,50,2000,OPTICS,MDS,k_minus_1,MDS__k_minus_1,0.60452425869676518,50,circles|5|50|2000
circles,5,50,2000,OPTICS,None,original,None__original,0.60323310131348351,50,circles|5|50|2000
circles,5,50,2000,OPTICS,PCA,25_percent,PCA__25_percent,0.59309731433575641,50,circles|5|50|2000
circles,5,50,2000,OPTICS,PCA,50_percent,PCA__50_percent,0.59581451370740002,50,circles|5|50|2000
circles,5,50,2000,OPTICS,PCA,k_minus_1,PCA__k_minus_1,0.59661236893141545,50,circles|5|50|2000
circles,5,50,2000,OPTICS,VAE,25_percent,VAE__25_percent,0.56214906159799694,50,circles|5|50|2000
circles,5,50,2000,OPTICS,VAE,50_percent,VAE__50_percent,0.54808379559212705,50,circles|5|50|2000
circles,5,50,2000,OPTICS,VAE,k_minus_1,VAE__k_minus_1,0.55052096237621928,50,circles|5|50|2000
circles,5,200,2000,AHC,Isomap,25_percent,Isomap__25_percent,0.23103710723352033,50,circles|5|200|2000
circles,5,200,2000,AHC,Isomap,50_percent,Isomap__50_percent,0.23540236856075619,50,circles|5|200|2000
circles,5,200,2000,AHC,Isomap,k_minus_1,Isomap__k_minus_1,0.19560964935198541,50,circles|5|200|2000
circles,5,200,2000,AHC,KernelPCA,25_percent,KernelPCA__25_percent,0.33701675180976609,50,circles|5|200|2000
circles,5,200,2000,AHC,KernelPCA,50_percent,KernelPCA__50_percent,0.33366533464374321,50,circles|5|200|2000
circles,5,200,2000,AHC,KernelPCA,k_minus_1,KernelPCA__k_minus_1,0.33999886083274056,50,circles|5|200|2000
circles,5,200,2000,AHC,MDS,25_percent,MDS__25_percent,0.28764306696331188,50,circles|5|200|2000
circles,5,200,2000,AHC,MDS,50_percent,MDS__50_percent,0.30263139008799234,50,circles|5|200|2000
circles,5,200,2000,AHC,MDS,k_minus_1,MDS__k_minus_1,0.28171611182457895,50,circles|5|200|2000
circles,5,200,2000,AHC,None,original,None__original,0.28409755751603788,50,circles|5|200|2000
circles,5,200,2000,AHC,PCA,25_percent,PCA__25_percent,0.28429569487339962,50,circles|5|200|2000
circles,5,200,2000,AHC,PCA,50_percent,PCA__50_percent,0.30423482074320712,50,circles|5|200|2000
circles,5,200,2000,AHC,PCA,k_minus_1,PCA__k_minus_1,0.30011161916235796,50,circles|5|200|2000
circles,5,200,2000,AHC,VAE,25_percent,VAE__25_percent,0.32833363496829837,50,circles|5|200|2000
circles,5,200,2000,AHC,VAE,50_percent,VAE__50_percent,0.30133917636275559,50,circles|5|200|2000
circles,5,200,2000,AHC,VAE,k_minus_1,VAE__k_minus_1,0.32339470436852591,50,circles|5|200|2000
circles,5,200,2000,GMM,Isomap,25_percent,Isomap__25_percent,0.028319209991870022,50,circles|5|200|2000
circles,5,200,2000,GMM,Isomap,50_percent,Isomap__50_percent,0.2473487035456704,50,circles|5|200|2000
circles,5,200,2000,GMM,Isomap,k_minus_1,Isomap__k_minus_1,0.24068067027996404,50,circles|5|200|2000
circles,5,200,2000,GMM,KernelPCA,25_percent,KernelPCA__25_percent,0.34180747563744535,50,circles|5|200|2000
circles,5,200,2000,GMM,KernelPCA,50_percent,KernelPCA__50_percent,0.34045217324376714,50,circles|5|200|2000
circles,5,200,2000,GMM,KernelPCA,k_minus_1,KernelPCA__k_minus_1,0.26024815493719511,50,circles|5|200|2000
circles,5,200,2000,GMM,MDS,25_percent,MDS__25_percent,0.29605148369023632,50,circles|5|200|2000
circles,5,200,2000,GMM,MDS,50_percent,MDS__50_percent,0.1087590179338276,50,circles|5|200|2000
circles,5,200,2000,GMM,MDS,k_minus_1,MDS__k_minus_1,0.30991702673399041,50,circles|5|200|2000
circles,5,200,2000,GMM,None,original,None__original,0.044211074874775137,50,circles|5|200|2000
circles,5,200,2000,GMM,PCA,25_percent,PCA__25_percent,0.29593830630932827,50,circles|5|200|2000
circles,5,200,2000,GMM,PCA,50_percent,PCA__50_percent,0.11028841129956729,50,circles|5|200|2000
circles,5,200,2000,GMM,PCA,k_minus_1,PCA__k_minus_1,0.31113326947040038,50,circles|5|200|2000
circles,5,200,2000,GMM,VAE,25_percent,VAE__25_percent,0.090269683952628521,50,circles|5|200|2000
circles,5,200,2000,GMM,VAE,50_percent,VAE__50_percent,0.084440671859543723,50,circles|5|200|2000
circles,5,200,2000,GMM,VAE,k_minus_1,VAE__k_minus_1,0.1430731553665664,50,circles|5|200|2000
circles,5,200,2000,KMeans,Isomap,25_percent,Isomap__25_percent,0.24704787914158163,50,circles|5|200|2000
circles,5,200,2000,KMeans,Isomap,50_percent,Isomap__50_percent,0.24687448440296544,50,circles|5|200|2000
circles,5,200,2000,KMeans,Isomap,k_minus_1,Isomap__k_minus_1,0.24810938633561858,50,circles|5|200|2000
circles,5,200,2000,KMeans,KernelPCA,25_percent,KernelPCA__25_percent,0.33267336433766481,50,circles|5|200|2000
circles,5,200,2000,KMeans,KernelPCA,50_percent,KernelPCA__50_percent,0.33382575031145589,50,circles|5|200|2000
circles,5,200,2000,KMeans,KernelPCA,k_minus_1,KernelPCA__k_minus_1,0.27470554301739319,50,circles|5|200|2000
circles,5,200,2000,KMeans,MDS,25_percent,MDS__25_percent,0.33019692170312381,50,circles|5|200|2000
circles,5,200,2000,KMeans,MDS,50_percent,MDS__50_percent,0.32991631308669561,50,circles|5|200|2000
circles,5,200,2000,KMeans,MDS,k_minus_1,MDS__k_minus_1,0.33045020113004325,50,circles|5|200|2000
circles,5,200,2000,KMeans,None,original,None__original,0.32995619892789479,50,circles|5|200|2000
circles,5,200,2000,KMeans,PCA,25_percent,PCA__25_percent,0.33005240876014613,50,circles|5|200|2000
circles,5,200,2000,KMeans,PCA,50_percent,PCA__50_percent,0.33003592223411005,50,circles|5|200|2000
circles,5,200,2000,KMeans,PCA,k_minus_1,PCA__k_minus_1,0.33011632027701943,50,circles|5|200|2000
circles,5,200,2000,KMeans,VAE,25_percent,VAE__25_percent,0.31481916912534197,50,circles|5|200|2000
circles,5,200,2000,KMeans,VAE,50_percent,VAE__50_percent,0.31915977128541789,50,circles|5|200|2000
circles,5,200,2000,KMeans,VAE,k_minus_1,VAE__k_minus_1,0.31682183393648455,50,circles|5|200|2000
circles,5,200,2000,OPTICS,Isomap,25_percent,Isomap__25_percent,0.61635659491095662,50,circles|5|200|2000
circles,5,200,2000,OPTICS,Isomap,50_percent,Isomap__50_percent,0.55962454976698706,50,circles|5|200|2000
circles,5,200,2000,OPTICS,Isomap,k_minus_1,Isomap__k_minus_1,0.6983619991331893,50,circles|5|200|2000
circles,5,200,2000,OPTICS,KernelPCA,25_percent,KernelPCA__25_percent,0.67631426867897915,50,circles|5|200|2000
circles,5,200,2000,OPTICS,KernelPCA,50_percent,KernelPCA__50_percent,0.67463133565545685,50,circles|5|200|2000
circles,5,200,2000,OPTICS,KernelPCA,k_minus_1,KernelPCA__k_minus_1,0.67266213462378621,50,circles|5|200|2000
circles,5,200,2000,OPTICS,MDS,25_percent,MDS__25_percent,0.65345248113295507,50,circles|5|200|2000
circles,5,200,2000,OPTICS,MDS,50_percent,MDS__50_percent,0.66076443034768106,50,circles|5|200|2000
circles,5,200,2000,OPTICS,MDS,k_minus_1,MDS__k_minus_1,0.5191137929011026,50,circles|5|200|2000
circles,5,200,2000,OPTICS,None,original,None__original,0.66078277843473787,50,circles|5|200|2000
circles,5,200,2000,OPTICS,PCA,25_percent,PCA__25_percent,0.64064535460891692,50,circles|5|200|2000
circles,5,200,2000,OPTICS,PCA,50_percent,PCA__50_percent,0.6607984359752197,50,circles|5|200|2000
circles,5,200,2000,OPTICS,PCA,k_minus_1,PCA__k_minus_1,0.51735866103926231,50,circles|5|200|2000
circles,5,200,2000,OPTICS,VAE,25_percent,VAE__25_percent,0.64626546530036511,50,circles|5|200|2000
circles,5,200,2000,OPTICS,VAE,50_percent,VAE__50_percent,0.62235341145257916,50,circles|5|200|2000
circles,5,200,2000,OPTICS,VAE,k_minus_1,VAE__k_minus_1,0.6496433035981809,50,circles|5|200|2000
moons,2,10,2000,AHC,Isomap,25_percent,Isomap__25_percent,0.80398124297850604,50,moons|2|10|2000
moons,2,10,2000,AHC,Isomap,50_percent,Isomap__50_percent,0.77990975029834819,50,moons|2|10|2000
moons,2,10,2000,AHC,Isomap,k_minus_1,Isomap__k_minus_1,0.81167693464571156,50,moons|2|10|2000
moons,2,10,2000,AHC,KernelPCA,25_percent,KernelPCA__25_percent,0.41636449205391074,50,moons|2|10|2000
moons,2,10,2000,AHC,KernelPCA,50_percent,KernelPCA__50_percent,0.31079714737755704,50,moons|2|10|2000
moons,2,10,2000,AHC,KernelPCA,k_minus_1,KernelPCA__k_minus_1,0.37304809703747621,50,moons|2|10|2000
moons,2,10,2000,AHC,MDS,25_percent,MDS__25_percent,0.32396252063730613,50,moons|2|10|2000
moons,2,10,2000,AHC,MDS,50_percent,MDS__50_percent,0.32002242778332785,50,moons|2|10|2000
moons,2,10,2000,AHC,MDS,k_minus_1,MDS__k_minus_1,0.30718483928469514,50,moons|2|10|2000
moons,2,10,2000,AHC,None,original,None__original,0.30541775422900602,50,moons|2|10|2000
moons,2,10,2000,AHC,PCA,25_percent,PCA__25_percent,0.33631528876836264,50,moons|2|10|2000
moons,2,10,2000,AHC,PCA,50_percent,PCA__50_percent,0.31584275169484838,50,moons|2|10|2000
moons,2,10,2000,AHC,PCA,k_minus_1,PCA__k_minus_1,0.31322903690860093,50,moons|2|10|2000
moons,2,10,2000,AHC,VAE,25_percent,VAE__25_percent,0.44333455388246895,50,moons|2|10|2000
moons,2,10,2000,AHC,VAE,50_percent,VAE__50_percent,0.48261978593525845,50,moons|2|10|2000
moons,2,10,2000,AHC,VAE,k_minus_1,VAE__k_minus_1,0.48090445164627593,50,moons|2|10|2000
moons,2,10,2000,GMM,Isomap,25_percent,Isomap__25_percent,0.76083480205942378,50,moons|2|10|2000
moons,2,10,2000,GMM,Isomap,50_percent,Isomap__50_percent,0.63756422959576386,50,moons|2|10|2000
moons,2,10,2000,GMM,Isomap,k_minus_1,Isomap__k_minus_1,0.95020421874870498,50,moons|2|10|2000
moons,2,10,2000,GMM,KernelPCA,25_percent,KernelPCA__25_percent,0.55022783479617388,50,moons|2|10|2000
moons,2,10,2000,GMM,KernelPCA,50_percent,KernelPCA__50_percent,0.46160333997682357,50,moons|2|10|2000
moons,2,10,2000,GMM,KernelPCA,k_minus_1,KernelPCA__k_minus_1,0.31294848021329758,50,moons|2|10|2000
moons,2,10,2000,GMM,MDS,25_percent,MDS__25_percent,0.45807505018371453,50,moons|2|10|2000
moons,2,10,2000,GMM,MDS,50_percent,MDS__50_percent,0.46989671435064445,50,moons|2|10|2000
moons,2,10,2000,GMM,MDS,k_minus_1,MDS__k_minus_1,0.447677668597392,50,moons|2|10|2000
moons,2,10,2000,GMM,None,original,None__original,0.4819926314063302,50,moons|2|10|2000
moons,2,10,2000,GMM,PCA,25_percent,PCA__25_percent,0.4656308510137353,50,moons|2|10|2000
moons,2,10,2000,GMM,PCA,50_percent,PCA__50_percent,0.47179554336093443,50,moons|2|10|2000
moons,2,10,2000,GMM,PCA,k_minus_1,PCA__k_minus_1,0.46459111376417078,50,moons|2|10|2000
moons,2,10,2000,GMM,VAE,25_percent,VAE__25_percent,0.48377850026298413,50,moons|2|10|2000
moons,2,10,2000,GMM,VAE,50_percent,VAE__50_percent,0.46726390474912732,50,moons|2|10|2000
moons,2,10,2000,GMM,VAE,k_minus_1,VAE__k_minus_1,0.55890059181993301,50,moons|2|10|2000
moons,2,10,2000,KMeans,Isomap,25_percent,Isomap__25_percent,0.60758819808273568,50,moons|2|10|2000
moons,2,10,2000,KMeans,Isomap,50_percent,Isomap__50_percent,0.59978577825056278,50,moons|2|10|2000
moons,2,10,2000,KMeans,Isomap,k_minus_1,Isomap__k_minus_1,0.625365040066448,50,moons|2|10|2000
moons,2,10,2000,KMeans,KernelPCA,25_percent,KernelPCA__25_percent,0.37154393465428048,50,moons|2|10|2000
moons,2,10,2000,KMeans,KernelPCA,50_percent,KernelPCA__50_percent,0.38171104251179888,50,moons|2|10|2000
moons,2,10,2000,KMeans,KernelPCA,k_minus_1,KernelPCA__k_minus_1,0.36806963454985864,50,moons|2|10|2000
moons,2,10,2000,KMeans,MDS,25_percent,MDS__25_percent,0.25872567208220565,50,moons|2|10|2000
moons,2,10,2000,KMeans,MDS,50_percent,MDS__50_percent,0.2616246912581589,50,moons|2|10|2000
moons,2,10,2000,KMeans,MDS,k_minus_1,MDS__k_minus_1,0.25444486410131778,50,moons|2|10|2000
moons,2,10,2000,KMeans,None,original,None__original,0.2625294829349365,50,moons|2|10|2000
moons,2,10,2000,KMeans,PCA,25_percent,PCA__25_percent,0.261971303531776,50,moons|2|10|2000
moons,2,10,2000,KMeans,PCA,50_percent,PCA__50_percent,0.26270659152704323,50,moons|2|10|2000
moons,2,10,2000,KMeans,PCA,k_minus_1,PCA__k_minus_1,0.26262301013288541,50,moons|2|10|2000
moons,2,10,2000,KMeans,VAE,25_percent,VAE__25_percent,0.39235243837777856,50,moons|2|10|2000
moons,2,10,2000,KMeans,VAE,50_percent,VAE__50_percent,0.39968717533745912,50,moons|2|10|2000
moons,2,10,2000,KMeans,VAE,k_minus_1,VAE__k_minus_1,0.43701245251799425,50,moons|2|10|2000
moons,2,10,2000,OPTICS,Isomap,25_percent,Isomap__25_percent,0.87036753051895477,50,moons|2|10|2000
moons,2,10,2000,OPTICS,Isomap,50_percent,Isomap__50_percent,0.84598474901579512,50,moons|2|10|2000
moons,2,10,2000,OPTICS,Isomap,k_minus_1,Isomap__k_minus_1,0.90801614500670658,50,moons|2|10|2000
moons,2,10,2000,OPTICS,KernelPCA,25_percent,KernelPCA__25_percent,0.27638463517690309,50,moons|2|10|2000
moons,2,10,2000,OPTICS,KernelPCA,50_percent,KernelPCA__50_percent,0.15024688363973762,50,moons|2|10|2000
moons,2,10,2000,OPTICS,KernelPCA,k_minus_1,KernelPCA__k_minus_1,0.10113813325685218,50,moons|2|10|2000
moons,2,10,2000,OPTICS,MDS,25_percent,MDS__25_percent,0.019880120030090022,50,moons|2|10|2000
moons,2,10,2000,OPTICS,MDS,50_percent,MDS__50_percent,0,50,moons|2|10|2000
moons,2,10,2000,OPTICS,MDS,k_minus_1,MDS__k_minus_1,0.15340600699565027,50,moons|2|10|2000
moons,2,10,2000,OPTICS,None,original,None__original,0,50,moons|2|10|2000
moons,2,10,2000,OPTICS,PCA,25_percent,PCA__25_percent,0.01992004000016008,50,moons|2|10|2000
moons,2,10,2000,OPTICS,PCA,50_percent,PCA__50_percent,0,50,moons|2|10|2000
moons,2,10,2000,OPTICS,PCA,k_minus_1,PCA__k_minus_1,0.26784242508348355,50,moons|2|10|2000
moons,2,10,2000,OPTICS,VAE,25_percent,VAE__25_percent,0.38393434196670684,50,moons|2|10|2000
moons,2,10,2000,OPTICS,VAE,50_percent,VAE__50_percent,0.42548975020249841,50,moons|2|10|2000
moons,2,10,2000,OPTICS,VAE,k_minus_1,VAE__k_minus_1,0.45140357029524913,50,moons|2|10|2000
moons,2,50,2000,AHC,Isomap,25_percent,Isomap__25_percent,0.97216951097248805,50,moons|2|50|2000
moons,2,50,2000,AHC,Isomap,50_percent,Isomap__50_percent,0.97083138522572954,50,moons|2|50|2000
moons,2,50,2000,AHC,Isomap,k_minus_1,Isomap__k_minus_1,0.97264318405457029,50,moons|2|50|2000
moons,2,50,2000,AHC,KernelPCA,25_percent,KernelPCA__25_percent,0.41532535093925332,50,moons|2|50|2000
moons,2,50,2000,AHC,KernelPCA,50_percent,KernelPCA__50_percent,0.42604473094405632,50,moons|2|50|2000
moons,2,50,2000,AHC,KernelPCA,k_minus_1,KernelPCA__k_minus_1,0.45844574108903413,50,moons|2|50|2000
moons,2,50,2000,AHC,MDS,25_percent,MDS__25_percent,0.42031328535282292,50,moons|2|50|2000
moons,2,50,2000,AHC,MDS,50_percent,MDS__50_percent,0.4274740995000903,50,moons|2|50|2000
moons,2,50,2000,AHC,MDS,k_minus_1,MDS__k_minus_1,0.42156129155584537,50,moons|2|50|2000
moons,2,50,2000,AHC,None,original,None__original,0.4133497431955766,50,moons|2|50|2000
moons,2,50,2000,AHC,PCA,25_percent,PCA__25_percent,0.4137622251288271,50,moons|2|50|2000
moons,2,50,2000,AHC,PCA,50_percent,PCA__50_percent,0.44672413209726713,50,moons|2|50|2000
moons,2,50,2000,AHC,PCA,k_minus_1,PCA__k_minus_1,0.44155846024616402,50,moons|2|50|2000
moons,2,50,2000,AHC,VAE,25_percent,VAE__25_percent,0.53029958132794219,50,moons|2|50|2000
moons,2,50,2000,AHC,VAE,50_percent,VAE__50_percent,0.50754761553597005,50,moons|2|50|2000
moons,2,50,2000,AHC,VAE,k_minus_1,VAE__k_minus_1,0.53509311689416483,50,moons|2|50|2000
moons,2,50,2000,GMM,Isomap,25_percent,Isomap__25_percent,0.82810357212007124,50,moons|2|50|2000
moons,2,50,2000,GMM,Isomap,50_percent,Isomap__50_percent,0.92734824376318581,50,moons|2|50|2000
moons,2,50,2000,GMM,Isomap,k_minus_1,Isomap__k_minus_1,0.99143609634474961,50,moons|2|50|2000
moons,2,50,2000,GMM,KernelPCA,25_percent,KernelPCA__25_percent,0.46500591934541396,50,moons|2|50|2000
moons,2,50,2000,GMM,KernelPCA,50_percent,KernelPCA__50_percent,0.45148945192061918,50,moons|2|50|2000
moons,2,50,2000,GMM,KernelPCA,k_minus_1,KernelPCA__k_minus_1,0.38901034310134519,50,moons|2|50|2000
moons,2,50,2000,GMM,MDS,25_percent,MDS__25_percent,0.39649883748376824,50,moons|2|50|2000
moons,2,50,2000,GMM,MDS,50_percent,MDS__50_percent,0.28170817034678935,50,moons|2|50|2000
moons,2,50,2000,GMM,MDS,k_minus_1,MDS__k_minus_1,0.47259323009394633,50,moons|2|50|2000
moons,2,50,2000,GMM,None,original,None__original,0.50159042235416507,50,moons|2|50|2000
moons,2,50,2000,GMM,PCA,25_percent,PCA__25_percent,0.39674730345445902,50,moons|2|50|2000
moons,2,50,2000,GMM,PCA,50_percent,PCA__50_percent,0.28244998294054907,50,moons|2|50|2000
moons,2,50,2000,GMM,PCA,k_minus_1,PCA__k_minus_1,0.50293365188241079,50,moons|2|50|2000
moons,2,50,2000,GMM,VAE,25_percent,VAE__25_percent,0.54289230546900535,50,moons|2|50|2000
moons,2,50,2000,GMM,VAE,50_percent,VAE__50_percent,0.4833403531308782,50,moons|2|50|2000
moons,2,50,2000,GMM,VAE,k_minus_1,VAE__k_minus_1,0.50671787546222313,50,moons|2|50|2000
moons,2,50,2000,KMeans,Isomap,25_percent,Isomap__25_percent,0.8020654015740013,50,moons|2|50|2000
moons,2,50,2000,KMeans,Isomap,50_percent,Isomap__50_percent,0.80189875826982071,50,moons|2|50|2000
moons,2,50,2000,KMeans,Isomap,k_minus_1,Isomap__k_minus_1,0.82332693236487953,50,moons|2|50|2000
moons,2,50,2000,KMeans,KernelPCA,25_percent,KernelPCA__25_percent,0.45833178116240392,50,moons|2|50|2000
moons,2,50,2000,KMeans,KernelPCA,50_percent,KernelPCA__50_percent,0.4584895202942264,50,moons|2|50|2000
moons,2,50,2000,KMeans,KernelPCA,k_minus_1,KernelPCA__k_minus_1,0.44566418595719681,50,moons|2|50|2000
moons,2,50,2000,KMeans,MDS,25_percent,MDS__25_percent,0.31703809474836836,50,moons|2|50|2000
moons,2,50,2000,KMeans,MDS,50_percent,MDS__50_percent,0.31742134627571272,50,moons|2|50|2000
moons,2,50,2000,KMeans,MDS,k_minus_1,MDS__k_minus_1,0.29923432537921246,50,moons|2|50|2000
moons,2,50,2000,KMeans,None,original,None__original,0.31762943101300928,50,moons|2|50|2000
moons,2,50,2000,KMeans,PCA,25_percent,PCA__25_percent,0.31773482415963472,50,moons|2|50|2000
moons,2,50,2000,KMeans,PCA,50_percent,PCA__50_percent,0.31772808018502524,50,moons|2|50|2000
moons,2,50,2000,KMeans,PCA,k_minus_1,PCA__k_minus_1,0.3178578458279494,50,moons|2|50|2000
moons,2,50,2000,KMeans,VAE,25_percent,VAE__25_percent,0.45943841405685709,50,moons|2|50|2000
moons,2,50,2000,KMeans,VAE,50_percent,VAE__50_percent,0.40517525289251566,50,moons|2|50|2000
moons,2,50,2000,KMeans,VAE,k_minus_1,VAE__k_minus_1,0.42109523314485409,50,moons|2|50|2000
moons,2,50,2000,OPTICS,Isomap,25_percent,Isomap__25_percent,0.99908007981051017,50,moons|2|50|2000
moons,2,50,2000,OPTICS,Isomap,50_percent,Isomap__50_percent,0.97900015983065014,50,moons|2|50|2000
moons,2,50,2000,OPTICS,Isomap,k_minus_1,Isomap__k_minus_1,0.9999200399999999,50,moons|2|50|2000
moons,2,50,2000,OPTICS,KernelPCA,25_percent,KernelPCA__25_percent,0.99976016002010004,50,moons|2|50|2000
moons,2,50,2000,OPTICS,KernelPCA,50_percent,KernelPCA__50_percent,0.97987999997003006,50,moons|2|50|2000
moons,2,50,2000,OPTICS,KernelPCA,k_minus_1,KernelPCA__k_minus_1,0.16472953138203705,50,moons|2|50|2000
moons,2,50,2000,OPTICS,MDS,25_percent,MDS__25_percent,0.079919999980020001,50,moons|2|50|2000
moons,2,50,2000,OPTICS,MDS,50_percent,MDS__50_percent,0.059999999999999998,50,moons|2|50|2000
moons,2,50,2000,OPTICS,MDS,k_minus_1,MDS__k_minus_1,1,50,moons|2|50|2000
moons,2,50,2000,OPTICS,None,original,None__original,0.02,50,moons|2|50|2000
moons,2,50,2000,OPTICS,PCA,25_percent,PCA__25_percent,0.19995999999001002,50,moons|2|50|2000
moons,2,50,2000,OPTICS,PCA,50_percent,PCA__50_percent,0.040000000000000001,50,moons|2|50|2000
moons,2,50,2000,OPTICS,PCA,k_minus_1,PCA__k_minus_1,1,50,moons|2|50|2000
moons,2,50,2000,OPTICS,VAE,25_percent,VAE__25_percent,1,50,moons|2|50|2000
moons,2,50,2000,OPTICS,VAE,50_percent,VAE__50_percent,1,50,moons|2|50|2000
moons,2,50,2000,OPTICS,VAE,k_minus_1,VAE__k_minus_1,0.99009787359905099,50,moons|2|50|2000
moons,2,200,2000,AHC,Isomap,25_percent,Isomap__25_percent,0.64375753595012131,50,moons|2|200|2000
moons,2,200,2000,AHC,Isomap,50_percent,Isomap__50_percent,0.6404483413322527,50,moons|2|200|2000
moons,2,200,2000,AHC,Isomap,k_minus_1,Isomap__k_minus_1,0.66745636244390671,50,moons|2|200|2000
moons,2,200,2000,AHC,KernelPCA,25_percent,KernelPCA__25_percent,0.42588693355495083,50,moons|2|200|2000
moons,2,200,2000,AHC,KernelPCA,50_percent,KernelPCA__50_percent,0.43453875073532183,50,moons|2|200|2000
moons,2,200,2000,AHC,KernelPCA,k_minus_1,KernelPCA__k_minus_1,0.46807966326690509,50,moons|2|200|2000
moons,2,200,2000,AHC,MDS,25_percent,MDS__25_percent,0.42764872319529845,50,moons|2|200|2000
moons,2,200,2000,AHC,MDS,50_percent,MDS__50_percent,0.44366681713887657,50,moons|2|200|2000
moons,2,200,2000,AHC,MDS,k_minus_1,MDS__k_minus_1,0.391970321554583,50,moons|2|200|2000
moons,2,200,2000,AHC,None,original,None__original,0.4386778689935753,50,moons|2|200|2000
moons,2,200,2000,AHC,PCA,25_percent,PCA__25_percent,0.413399833647355,50,moons|2|200|2000
moons,2,200,2000,AHC,PCA,50_percent,PCA__50_percent,0.42505018474287176,50,moons|2|200|2000
moons,2,200,2000,AHC,PCA,k_minus_1,PCA__k_minus_1,0.43915007525971317,50,moons|2|200|2000
moons,2,200,2000,AHC,VAE,25_percent,VAE__25_percent,0.47923444671520449,50,moons|2|200|2000
moons,2,200,2000,AHC,VAE,50_percent,VAE__50_percent,0.53038450015812044,50,moons|2|200|2000
moons,2,200,2000,AHC,VAE,k_minus_1,VAE__k_minus_1,0.506450220593329,50,moons|2|200|2000
moons,2,200,2000,GMM,Isomap,25_percent,Isomap__25_percent,0.67170499719628196,50,moons|2|200|2000
moons,2,200,2000,GMM,Isomap,50_percent,Isomap__50_percent,0.79561978547912771,50,moons|2|200|2000
moons,2,200,2000,GMM,Isomap,k_minus_1,Isomap__k_minus_1,0.93646703277911225,50,moons|2|200|2000
moons,2,200,2000,GMM,KernelPCA,25_percent,KernelPCA__25_percent,0.45601233655029,50,moons|2|200|2000
moons,2,200,2000,GMM,KernelPCA,50_percent,KernelPCA__50_percent,0.45845999431093382,50,moons|2|200|2000
moons,2,200,2000,GMM,KernelPCA,k_minus_1,KernelPCA__k_minus_1,0.40627397454970904,50,moons|2|200|2000
moons,2,200,2000,GMM,MDS,25_percent,MDS__25_percent,0.27996189355510731,50,moons|2|200|2000
moons,2,200,2000,GMM,MDS,50_percent,MDS__50_percent,0.27964781939311462,50,moons|2|200|2000
moons,2,200,2000,GMM,MDS,k_minus_1,MDS__k_minus_1,0.46820685413600233,50,moons|2|200|2000
moons,2,200,2000,GMM,None,original,None__original,0.48526244396147278,50,moons|2|200|2000
moons,2,200,2000,GMM,PCA,25_percent,PCA__25_percent,0.28065976358064354,50,moons|2|200|2000
moons,2,200,2000,GMM,PCA,50_percent,PCA__50_percent,0.28035433389149933,50,moons|2|200|2000
moons,2,200,2000,GMM,PCA,k_minus_1,PCA__k_minus_1,0.50463001409933861,50,moons|2|200|2000
moons,2,200,2000,GMM,VAE,25_percent,VAE__25_percent,0.42842151075179674,50,moons|2|200|2000
moons,2,200,2000,GMM,VAE,50_percent,VAE__50_percent,0.55626370403726488,50,moons|2|200|2000
moons,2,200,2000,GMM,VAE,k_minus_1,VAE__k_minus_1,0.42475571349649655,50,moons|2|200|2000
moons,2,200,2000,KMeans,Isomap,25_percent,Isomap__25_percent,0.50841055102087207,50,moons|2|200|2000
moons,2,200,2000,KMeans,Isomap,50_percent,Isomap__50_percent,0.50835790157856353,50,moons|2|200|2000
moons,2,200,2000,KMeans,Isomap,k_minus_1,Isomap__k_minus_1,0.54942181879280927,50,moons|2|200|2000
moons,2,200,2000,KMeans,KernelPCA,25_percent,KernelPCA__25_percent,0.45825128696775247,50,moons|2|200|2000
moons,2,200,2000,KMeans,KernelPCA,50_percent,KernelPCA__50_percent,0.45849535013353365,50,moons|2|200|2000
moons,2,200,2000,KMeans,KernelPCA,k_minus_1,KernelPCA__k_minus_1,0.44674928492469712,50,moons|2|200|2000
moons,2,200,2000,KMeans,MDS,25_percent,MDS__25_percent,0.32340140588524646,50,moons|2|200|2000
moons,2,200,2000,KMeans,MDS,50_percent,MDS__50_percent,0.32360328736503546,50,moons|2|200|2000
moons,2,200,2000,KMeans,MDS,k_minus_1,MDS__k_minus_1,0.30107898435390346,50,moons|2|200|2000
moons,2,200,2000,KMeans,None,original,None__original,0.32362635891325781,50,moons|2|200|2000
moons,2,200,2000,KMeans,PCA,25_percent,PCA__25_percent,0.32360328736503546,50,moons|2|200|2000
moons,2,200,2000,KMeans,PCA,50_percent,PCA__50_percent,0.32362635891325781,50,moons|2|200|2000
moons,2,200,2000,KMeans,PCA,k_minus_1,PCA__k_minus_1,0.32369849479639201,50,moons|2|200|2000
moons,2,200,2000,KMeans,VAE,25_percent,VAE__25_percent,0.41386131712822499,50,moons|2|200|2000
moons,2,200,2000,KMeans,VAE,50_percent,VAE__50_percent,0.43958734101034563,50,moons|2|200|2000
moons,2,200,2000,KMeans,VAE,k_minus_1,VAE__k_minus_1,0.41935612978969344,50,moons|2|200|2000
moons,2,200,2000,OPTICS,Isomap,25_percent,Isomap__25_percent,0.37864411524686564,50,moons|2|200|2000
moons,2,200,2000,OPTICS,Isomap,50_percent,Isomap__50_percent,0.23357086978699443,50,moons|2|200|2000
moons,2,200,2000,OPTICS,Isomap,k_minus_1,Isomap__k_minus_1,0.99995999999000995,50,moons|2|200|2000
moons,2,200,2000,OPTICS,KernelPCA,25_percent,KernelPCA__25_percent,1,50,moons|2|200|2000
moons,2,200,2000,OPTICS,KernelPCA,50_percent,KernelPCA__50_percent,1,50,moons|2|200|2000
moons,2,200,2000,OPTICS,KernelPCA,k_minus_1,KernelPCA__k_minus_1,0.76521378692471598,50,moons|2|200|2000
moons,2,200,2000,OPTICS,MDS,25_percent,MDS__25_percent,0.95999999999999996,50,moons|2|200|2000
moons,2,200,2000,OPTICS,MDS,50_percent,MDS__50_percent,1,50,moons|2|200|2000
moons,2,200,2000,OPTICS,MDS,k_minus_1,MDS__k_minus_1,1,50,moons|2|200|2000
moons,2,200,2000,OPTICS,None,original,None__original,0.95999999999999996,50,moons|2|200|2000
moons,2,200,2000,OPTICS,PCA,25_percent,PCA__25_percent,1,50,moons|2|200|2000
moons,2,200,2000,OPTICS,PCA,50_percent,PCA__50_percent,1,50,moons|2|200|2000
moons,2,200,2000,OPTICS,PCA,k_minus_1,PCA__k_minus_1,1,50,moons|2|200|2000
moons,2,200,2000,OPTICS,VAE,25_percent,VAE__25_percent,1,50,moons|2|200|2000
moons,2,200,2000,OPTICS,VAE,50_percent,VAE__50_percent,1,50,moons|2|200|2000
moons,2,200,2000,OPTICS,VAE,k_minus_1,VAE__k_minus_1,0.99475504837581741,50,moons|2|200|2000
moons,5,10,2000,AHC,Isomap,25_percent,Isomap__25_percent,0.73651507940029082,50,moons|5|10|2000
moons,5,10,2000,AHC,Isomap,50_percent,Isomap__50_percent,0.7482052992524082,50,moons|5|10|2000
moons,5,10,2000,AHC,Isomap,k_minus_1,Isomap__k_minus_1,0.75220938764866507,50,moons|5|10|2000
moons,5,10,2000,AHC,KernelPCA,25_percent,KernelPCA__25_percent,0.65558396516528394,50,moons|5|10|2000
moons,5,10,2000,AHC,KernelPCA,50_percent,KernelPCA__50_percent,0.70040077922407784,50,moons|5|10|2000
moons,5,10,2000,AHC,KernelPCA,k_minus_1,KernelPCA__k_minus_1,0.69650185025622013,50,moons|5|10|2000
moons,5,10,2000,AHC,MDS,25_percent,MDS__25_percent,0.65958803529579602,50,moons|5|10|2000
moons,5,10,2000,AHC,MDS,50_percent,MDS__50_percent,0.66712090865309748,50,moons|5|10|2000
moons,5,10,2000,AHC,MDS,k_minus_1,MDS__k_minus_1,0.66324816519252483,50,moons|5|10|2000
moons,5,10,2000,AHC,None,original,None__original,0.68273182369408913,50,moons|5|10|2000
moons,5,10,2000,AHC,PCA,25_percent,PCA__25_percent,0.66481627890605,50,moons|5|10|2000
moons,5,10,2000,AHC,PCA,50_percent,PCA__50_percent,0.66310019899443584,50,moons|5|10|2000
moons,5,10,2000,AHC,PCA,k_minus_1,PCA__k_minus_1,0.66665038357574591,50,moons|5|10|2000
moons,5,10,2000,AHC,VAE,25_percent,VAE__25_percent,0.64019187282632795,50,moons|5|10|2000
moons,5,10,2000,AHC,VAE,50_percent,VAE__50_percent,0.62300938973094699,50,moons|5|10|2000
moons,5,10,2000,AHC,VAE,k_minus_1,VAE__k_minus_1,0.61333684586650705,50,moons|5|10|2000
moons,5,10,2000,GMM,Isomap,25_percent,Isomap__25_percent,0.72828672696452801,50,moons|5|10|2000
moons,5,10,2000,GMM,Isomap,50_percent,Isomap__50_percent,0.74350854955133627,50,moons|5|10|2000
moons,5,10,2000,GMM,Isomap,k_minus_1,Isomap__k_minus_1,0.73116652037067265,50,moons|5|10|2000
moons,5,10,2000,GMM,KernelPCA,25_percent,KernelPCA__25_percent,0.69906942403318439,50,moons|5|10|2000
moons,5,10,2000,GMM,KernelPCA,50_percent,KernelPCA__50_percent,0.6301857776623061,50,moons|5|10|2000
moons,5,10,2000,GMM,KernelPCA,k_minus_1,KernelPCA__k_minus_1,0.65400892861915993,50,moons|5|10|2000
moons,5,10,2000,GMM,MDS,25_percent,MDS__25_percent,0.69445627226422202,50,moons|5|10|2000
moons,5,10,2000,GMM,MDS,50_percent,MDS__50_percent,0.67621854072129151,50,moons|5|10|2000
moons,5,10,2000,GMM,MDS,k_minus_1,MDS__k_minus_1,0.69380692748437811,50,moons|5|10|2000
moons,5,10,2000,GMM,None,original,None__original,0.75254176825999408,50,moons|5|10|2000
moons,5,10,2000,GMM,PCA,25_percent,PCA__25_percent,0.6677028941055192,50,moons|5|10|2000
moons,5,10,2000,GMM,PCA,50_percent,PCA__50_percent,0.66465297956948854,50,moons|5|10|2000
moons,5,10,2000,GMM,PCA,k_minus_1,PCA__k_minus_1,0.68360287532438646,50,moons|5|10|2000
moons,5,10,2000,GMM,VAE,25_percent,VAE__25_percent,0.6351674965331644,50,moons|5|10|2000
moons,5,10,2000,GMM,VAE,50_percent,VAE__50_percent,0.63549184944092163,50,moons|5|10|2000
moons,5,10,2000,GMM,VAE,k_minus_1,VAE__k_minus_1,0.62560906245793702,50,moons|5|10|2000
moons,5,10,2000,KMeans,Isomap,25_percent,Isomap__25_percent,0.75192974160952053,50,moons|5|10|2000
moons,5,10,2000,KMeans,Isomap,50_percent,Isomap__50_percent,0.76155443754055274,50,moons|5|10|2000
moons,5,10,2000,KMeans,Isomap,k_minus_1,Isomap__k_minus_1,0.76065978144018809,50,moons|5|10|2000
moons,5,10,2000,KMeans,KernelPCA,25_percent,KernelPCA__25_percent,0.67711403770797107,50,moons|5|10|2000
moons,5,10,2000,KMeans,KernelPCA,50_percent,KernelPCA__50_percent,0.70485784763338699,50,moons|5|10|2000
moons,5,10,2000,KMeans,KernelPCA,k_minus_1,KernelPCA__k_minus_1,0.70336817423215048,50,moons|5|10|2000
moons,5,10,2000,KMeans,MDS,25_percent,MDS__25_percent,0.71908724566566595,50,moons|5|10|2000
moons,5,10,2000,KMeans,MDS,50_percent,MDS__50_percent,0.70545906383602519,50,moons|5|10|2000
moons,5,10,2000,KMeans,MDS,k_minus_1,MDS__k_minus_1,0.71230249993361594,50,moons|5|10|2000
moons,5,10,2000,KMeans,None,original,None__original,0.699754519229143,50,moons|5|10|2000
moons,5,10,2000,KMeans,PCA,25_percent,PCA__25_percent,0.69295879000665483,50,moons|5|10|2000
moons,5,10,2000,KMeans,PCA,50_percent,PCA__50_percent,0.69852915668292426,50,moons|5|10|2000
moons,5,10,2000,KMeans,PCA,k_minus_1,PCA__k_minus_1,0.69829263795429175,50,moons|5|10|2000
moons,5,10,2000,KMeans,VAE,25_percent,VAE__25_percent,0.66340787033821047,50,moons|5|10|2000
moons,5,10,2000,KMeans,VAE,50_percent,VAE__50_percent,0.65446235678743958,50,moons|5|10|2000
moons,5,10,2000,KMeans,VAE,k_minus_1,VAE__k_minus_1,0.64376514557078013,50,moons|5|10|2000
moons,5,10,2000,OPTICS,Isomap,25_percent,Isomap__25_percent,0.22927504196773291,50,moons|5|10|2000
moons,5,10,2000,OPTICS,Isomap,50_percent,Isomap__50_percent,0.12947350826126533,50,moons|5|10|2000
moons,5,10,2000,OPTICS,Isomap,k_minus_1,Isomap__k_minus_1,0.15863098228810676,50,moons|5|10|2000
moons,5,10,2000,OPTICS,KernelPCA,25_percent,KernelPCA__25_percent,0.097814493461162597,50,moons|5|10|2000
moons,5,10,2000,OPTICS,KernelPCA,50_percent,KernelPCA__50_percent,0.055720311299692182,50,moons|5|10|2000
moons,5,10,2000,OPTICS,KernelPCA,k_minus_1,KernelPCA__k_minus_1,0.074661343310005165,50,moons|5|10|2000
moons,5,10,2000,OPTICS,MDS,25_percent,MDS__25_percent,0,50,moons|5|10|2000
moons,5,10,2000,OPTICS,MDS,50_percent,MDS__50_percent,0,50,moons|5|10|2000
moons,5,10,2000,OPTICS,MDS,k_minus_1,MDS__k_minus_1,0,50,moons|5|10|2000
moons,5,10,2000,OPTICS,None,original,None__original,0,50,moons|5|10|2000
moons,5,10,2000,OPTICS,PCA,25_percent,PCA__25_percent,0,50,moons|5|10|2000
moons,5,10,2000,OPTICS,PCA,50_percent,PCA__50_percent,0,50,moons|5|10|2000
moons,5,10,2000,OPTICS,PCA,k_minus_1,PCA__k_minus_1,0,50,moons|5|10|2000
moons,5,10,2000,OPTICS,VAE,25_percent,VAE__25_percent,0.32552402228967059,50,moons|5|10|2000
moons,5,10,2000,OPTICS,VAE,50_percent,VAE__50_percent,0.34148729429090002,50,moons|5|10|2000
moons,5,10,2000,OPTICS,VAE,k_minus_1,VAE__k_minus_1,0.33331537508520914,50,moons|5|10|2000
moons,5,50,2000,AHC,Isomap,25_percent,Isomap__25_percent,0.83279083709470714,50,moons|5|50|2000
moons,5,50,2000,AHC,Isomap,50_percent,Isomap__50_percent,0.80570234305383837,50,moons|5|50|2000
moons,5,50,2000,AHC,Isomap,k_minus_1,Isomap__k_minus_1,0.82293738004757599,50,moons|5|50|2000
moons,5,50,2000,AHC,KernelPCA,25_percent,KernelPCA__25_percent,0.83029282495078283,50,moons|5|50|2000
moons,5,50,2000,AHC,KernelPCA,50_percent,KernelPCA__50_percent,0.83131477855970548,50,moons|5|50|2000
moons,5,50,2000,AHC,KernelPCA,k_minus_1,KernelPCA__k_minus_1,0.84715752598882943,50,moons|5|50|2000
moons,5,50,2000,AHC,MDS,25_percent,MDS__25_percent,0.82080295523132774,50,moons|5|50|2000
moons,5,50,2000,AHC,MDS,50_percent,MDS__50_percent,0.82572749678103075,50,moons|5|50|2000
moons,5,50,2000,AHC,MDS,k_minus_1,MDS__k_minus_1,0.81063490617870171,50,moons|5|50|2000
moons,5,50,2000,AHC,None,original,None__original,0.82935809112374326,50,moons|5|50|2000
moons,5,50,2000,AHC,PCA,25_percent,PCA__25_percent,0.81876833182789777,50,moons|5|50|2000
moons,5,50,2000,AHC,PCA,50_percent,PCA__50_percent,0.82110068664296865,50,moons|5|50|2000
moons,5,50,2000,AHC,PCA,k_minus_1,PCA__k_minus_1,0.81404509409417758,50,moons|5|50|2000
moons,5,50,2000,AHC,VAE,25_percent,VAE__25_percent,0.6888705366765473,50,moons|5|50|2000
moons,5,50,2000,AHC,VAE,50_percent,VAE__50_percent,0.67392304510358458,50,moons|5|50|2000
moons,5,50,2000,AHC,VAE,k_minus_1,VAE__k_minus_1,0.68180479853809361,50,moons|5|50|2000
moons,5,50,2000,GMM,Isomap,25_percent,Isomap__25_percent,0.80749620609985362,50,moons|5|50|2000
moons,5,50,2000,GMM,Isomap,50_percent,Isomap__50_percent,0.79926411463983382,50,moons|5|50|2000
moons,5,50,2000,GMM,Isomap,k_minus_1,Isomap__k_minus_1,0.80796646393266447,50,moons|5|50|2000
moons,5,50,2000,GMM,KernelPCA,25_percent,KernelPCA__25_percent,0.83419686225406964,50,moons|5|50|2000
moons,5,50,2000,GMM,KernelPCA,50_percent,KernelPCA__50_percent,0.78031146001689078,50,moons|5|50|2000
moons,5,50,2000,GMM,KernelPCA,k_minus_1,KernelPCA__k_minus_1,0.80333479420563458,50,moons|5|50|2000
moons,5,50,2000,GMM,MDS,25_percent,MDS__25_percent,0.62895466610924755,50,moons|5|50|2000
moons,5,50,2000,GMM,MDS,50_percent,MDS__50_percent,0.63724553587676758,50,moons|5|50|2000
moons,5,50,2000,GMM,MDS,k_minus_1,MDS__k_minus_1,0.69518845225551995,50,moons|5|50|2000
moons,5,50,2000,GMM,None,original,None__original,0.78406284555078609,50,moons|5|50|2000
moons,5,50,2000,GMM,PCA,25_percent,PCA__25_percent,0.64090843203604064,50,moons|5|50|2000
moons,5,50,2000,GMM,PCA,50_percent,PCA__50_percent,0.63870958688063728,50,moons|5|50|2000
moons,5,50,2000,GMM,PCA,k_minus_1,PCA__k_minus_1,0.70787297729897891,50,moons|5|50|2000
moons,5,50,2000,GMM,VAE,25_percent,VAE__25_percent,0.7075019351515528,50,moons|5|50|2000
moons,5,50,2000,GMM,VAE,50_percent,VAE__50_percent,0.60805572700366117,50,moons|5|50|2000
moons,5,50,2000,GMM,VAE,k_minus_1,VAE__k_minus_1,0.66822600923318087,50,moons|5|50|2000
moons,5,50,2000,KMeans,Isomap,25_percent,Isomap__25_percent,0.83198153119276197,50,moons|5|50|2000
moons,5,50,2000,KMeans,Isomap,50_percent,Isomap__50_percent,0.83198605253216551,50,moons|5|50|2000
moons,5,50,2000,KMeans,Isomap,k_minus_1,Isomap__k_minus_1,0.83503833308208342,50,moons|5|50|2000
moons,5,50,2000,KMeans,KernelPCA,25_percent,KernelPCA__25_percent,0.82377462289370529,50,moons|5|50|2000
moons,5,50,2000,KMeans,KernelPCA,50_percent,KernelPCA__50_percent,0.82262345383571944,50,moons|5|50|2000
moons,5,50,2000,KMeans,KernelPCA,k_minus_1,KernelPCA__k_minus_1,0.82142323383681559,50,moons|5|50|2000
moons,5,50,2000,KMeans,MDS,25_percent,MDS__25_percent,0.81733305644558774,50,moons|5|50|2000
moons,5,50,2000,KMeans,MDS,50_percent,MDS__50_percent,0.81686253177844348,50,moons|5|50|2000
moons,5,50,2000,KMeans,MDS,k_minus_1,MDS__k_minus_1,0.82535269970230019,50,moons|5|50|2000
moons,5,50,2000,KMeans,None,original,None__original,0.81625913485908275,50,moons|5|50|2000
moons,5,50,2000,KMeans,PCA,25_percent,PCA__25_percent,0.81610556839424986,50,moons|5|50|2000
moons,5,50,2000,KMeans,PCA,50_percent,PCA__50_percent,0.81586612358500954,50,moons|5|50|2000
moons,5,50,2000,KMeans,PCA,k_minus_1,PCA__k_minus_1,0.81624836206406259,50,moons|5|50|2000
moons,5,50,2000,KMeans,VAE,25_percent,VAE__25_percent,0.75064142453126992,50,moons|5|50|2000
moons,5,50,2000,KMeans,VAE,50_percent,VAE__50_percent,0.74806754453306412,50,moons|5|50|2000
moons,5,50,2000,KMeans,VAE,k_minus_1,VAE__k_minus_1,0.74458914370351992,50,moons|5|50|2000
moons,5,50,2000,OPTICS,Isomap,25_percent,Isomap__25_percent,0.32361989068781866,50,moons|5|50|2000
moons,5,50,2000,OPTICS,Isomap,50_percent,Isomap__50_percent,0.30044368627274337,50,moons|5|50|2000
moons,5,50,2000,OPTICS,Isomap,k_minus_1,Isomap__k_minus_1,0.51930435416539356,50,moons|5|50|2000
moons,5,50,2000,OPTICS,KernelPCA,25_percent,KernelPCA__25_percent,0.28981617871750864,50,moons|5|50|2000
moons,5,50,2000,OPTICS,KernelPCA,50_percent,KernelPCA__50_percent,0.089264846233329767,50,moons|5|50|2000
moons,5,50,2000,OPTICS,KernelPCA,k_minus_1,KernelPCA__k_minus_1,0.51723858278230894,50,moons|5|50|2000
moons,5,50,2000,OPTICS,MDS,25_percent,MDS__25_percent,0,50,moons|5|50|2000
moons,5,50,2000,OPTICS,MDS,50_percent,MDS__50_percent,0,50,moons|5|50|2000
moons,5,50,2000,OPTICS,MDS,k_minus_1,MDS__k_minus_1,0.36459816063083672,50,moons|5|50|2000
moons,5,50,2000,OPTICS,None,original,None__original,0,50,moons|5|50|2000
moons,5,50,2000,OPTICS,PCA,25_percent,PCA__25_percent,0,50,moons|5|50|2000
moons,5,50,2000,OPTICS,PCA,50_percent,PCA__50_percent,0,50,moons|5|50|2000
moons,5,50,2000,OPTICS,PCA,k_minus_1,PCA__k_minus_1,0.37587508331100139,50,moons|5|50|2000
moons,5,50,2000,OPTICS,VAE,25_percent,VAE__25_percent,0.60699262043152347,50,moons|5|50|2000
moons,5,50,2000,OPTICS,VAE,50_percent,VAE__50_percent,0.56057313411118459,50,moons|5|50|2000
moons,5,50,2000,OPTICS,VAE,k_minus_1,VAE__k_minus_1,0.57931536218879165,50,moons|5|50|2000
moons,5,200,2000,AHC,Isomap,25_percent,Isomap__25_percent,0.83032948316497934,50,moons|5|200|2000
moons,5,200,2000,AHC,Isomap,50_percent,Isomap__50_percent,0.82871649221531873,50,moons|5|200|2000
moons,5,200,2000,AHC,Isomap,k_minus_1,Isomap__k_minus_1,0.82247682373333619,50,moons|5|200|2000
moons,5,200,2000,AHC,KernelPCA,25_percent,KernelPCA__25_percent,0.85469870398943459,50,moons|5|200|2000
moons,5,200,2000,AHC,KernelPCA,50_percent,KernelPCA__50_percent,0.83747979716455656,50,moons|5|200|2000
moons,5,200,2000,AHC,KernelPCA,k_minus_1,KernelPCA__k_minus_1,0.8567371530680028,50,moons|5|200|2000
moons,5,200,2000,AHC,MDS,25_percent,MDS__25_percent,0.83551370680677406,50,moons|5|200|2000
moons,5,200,2000,AHC,MDS,50_percent,MDS__50_percent,0.83294230484931608,50,moons|5|200|2000
moons,5,200,2000,AHC,MDS,k_minus_1,MDS__k_minus_1,0.81753979359639639,50,moons|5|200|2000
moons,5,200,2000,AHC,None,original,None__original,0.8405540125127946,50,moons|5|200|2000
moons,5,200,2000,AHC,PCA,25_percent,PCA__25_percent,0.84194160144910812,50,moons|5|200|2000
moons,5,200,2000,AHC,PCA,50_percent,PCA__50_percent,0.83636130813887855,50,moons|5|200|2000
moons,5,200,2000,AHC,PCA,k_minus_1,PCA__k_minus_1,0.82918807783979087,50,moons|5|200|2000
moons,5,200,2000,AHC,VAE,25_percent,VAE__25_percent,0.76041330244457828,50,moons|5|200|2000
moons,5,200,2000,AHC,VAE,50_percent,VAE__50_percent,0.74191163156189066,50,moons|5|200|2000
moons,5,200,2000,AHC,VAE,k_minus_1,VAE__k_minus_1,0.75485809703549678,50,moons|5|200|2000
moons,5,200,2000,GMM,Isomap,25_percent,Isomap__25_percent,0.83423809171469354,50,moons|5|200|2000
moons,5,200,2000,GMM,Isomap,50_percent,Isomap__50_percent,0.84385335158014019,50,moons|5|200|2000
moons,5,200,2000,GMM,Isomap,k_minus_1,Isomap__k_minus_1,0.83826401559872465,50,moons|5|200|2000
moons,5,200,2000,GMM,KernelPCA,25_percent,KernelPCA__25_percent,0.85648957866777364,50,moons|5|200|2000
moons,5,200,2000,GMM,KernelPCA,50_percent,KernelPCA__50_percent,0.81684833091282993,50,moons|5|200|2000
moons,5,200,2000,GMM,KernelPCA,k_minus_1,KernelPCA__k_minus_1,0.83170770158686746,50,moons|5|200|2000
moons,5,200,2000,GMM,MDS,25_percent,MDS__25_percent,0.6091745589423363,50,moons|5|200|2000
moons,5,200,2000,GMM,MDS,50_percent,MDS__50_percent,0.60831064028897086,50,moons|5|200|2000
moons,5,200,2000,GMM,MDS,k_minus_1,MDS__k_minus_1,0.66055903075603151,50,moons|5|200|2000
moons,5,200,2000,GMM,None,original,None__original,0.75579175690089473,50,moons|5|200|2000
moons,5,200,2000,GMM,PCA,25_percent,PCA__25_percent,0.61168647927738551,50,moons|5|200|2000
moons,5,200,2000,GMM,PCA,50_percent,PCA__50_percent,0.60647052406544311,50,moons|5|200|2000
moons,5,200,2000,GMM,PCA,k_minus_1,PCA__k_minus_1,0.64198417278180298,50,moons|5|200|2000
moons,5,200,2000,GMM,VAE,25_percent,VAE__25_percent,0.67533330958283277,50,moons|5|200|2000
moons,5,200,2000,GMM,VAE,50_percent,VAE__50_percent,0.64168817419130719,50,moons|5|200|2000
moons,5,200,2000,GMM,VAE,k_minus_1,VAE__k_minus_1,0.72695195104275567,50,moons|5|200|2000
moons,5,200,2000,KMeans,Isomap,25_percent,Isomap__25_percent,0.84864895990699796,50,moons|5|200|2000
moons,5,200,2000,KMeans,Isomap,50_percent,Isomap__50_percent,0.84852040210893687,50,moons|5|200|2000
moons,5,200,2000,KMeans,Isomap,k_minus_1,Isomap__k_minus_1,0.85711739500895534,50,moons|5|200|2000
moons,5,200,2000,KMeans,KernelPCA,25_percent,KernelPCA__25_percent,0.83346437192477241,50,moons|5|200|2000
moons,5,200,2000,KMeans,KernelPCA,50_percent,KernelPCA__50_percent,0.83370917105682063,50,moons|5|200|2000
moons,5,200,2000,KMeans,KernelPCA,k_minus_1,KernelPCA__k_minus_1,0.83486573333805902,50,moons|5|200|2000
moons,5,200,2000,KMeans,MDS,25_percent,MDS__25_percent,0.82510334583435929,50,moons|5|200|2000
moons,5,200,2000,KMeans,MDS,50_percent,MDS__50_percent,0.82555129682335904,50,moons|5|200|2000
moons,5,200,2000,KMeans,MDS,k_minus_1,MDS__k_minus_1,0.83224956643927939,50,moons|5|200|2000
moons,5,200,2000,KMeans,None,original,None__original,0.8244099069093932,50,moons|5|200|2000
moons,5,200,2000,KMeans,PCA,25_percent,PCA__25_percent,0.82444994295571761,50,moons|5|200|2000
moons,5,200,2000,KMeans,PCA,50_percent,PCA__50_percent,0.82447628179495636,50,moons|5|200|2000
moons,5,200,2000,KMeans,PCA,k_minus_1,PCA__k_minus_1,0.82453225392848051,50,moons|5|200|2000
moons,5,200,2000,KMeans,VAE,25_percent,VAE__25_percent,0.78280651275899937,50,moons|5|200|2000
moons,5,200,2000,KMeans,VAE,50_percent,VAE__50_percent,0.79115670987983711,50,moons|5|200|2000
moons,5,200,2000,KMeans,VAE,k_minus_1,VAE__k_minus_1,0.76722796122811832,50,moons|5|200|2000
moons,5,200,2000,OPTICS,Isomap,25_percent,Isomap__25_percent,0.32026992770039053,50,moons|5|200|2000
moons,5,200,2000,OPTICS,Isomap,50_percent,Isomap__50_percent,0.27159484187697869,50,moons|5|200|2000
moons,5,200,2000,OPTICS,Isomap,k_minus_1,Isomap__k_minus_1,0.72222652548052646,50,moons|5|200|2000
moons,5,200,2000,OPTICS,KernelPCA,25_percent,KernelPCA__25_percent,0.36181945371039126,50,moons|5|200|2000
moons,5,200,2000,OPTICS,KernelPCA,50_percent,KernelPCA__50_percent,0.38798170853300457,50,moons|5|200|2000
moons,5,200,2000,OPTICS,KernelPCA,k_minus_1,KernelPCA__k_minus_1,0.97538980177213619,50,moons|5|200|2000
moons,5,200,2000,OPTICS,MDS,25_percent,MDS__25_percent,0.0042038719873567585,50,moons|5|200|2000
moons,5,200,2000,OPTICS,MDS,50_percent,MDS__50_percent,0,50,moons|5|200|2000
moons,5,200,2000,OPTICS,MDS,k_minus_1,MDS__k_minus_1,0.48225848225848206,50,moons|5|200|2000
moons,5,200,2000,OPTICS,None,original,None__original,0,50,moons|5|200|2000
moons,5,200,2000,OPTICS,PCA,25_percent,PCA__25_percent,0.039239574264108887,50,moons|5|200|2000
moons,5,200,2000,OPTICS,PCA,50_percent,PCA__50_percent,0,50,moons|5|200|2000
moons,5,200,2000,OPTICS,PCA,k_minus_1,PCA__k_minus_1,0.48815977377007685,50,moons|5|200|2000
moons,5,200,2000,OPTICS,VAE,25_percent,VAE__25_percent,0.91910698083737297,50,moons|5|200|2000
moons,5,200,2000,OPTICS,VAE,50_percent,VAE__50_percent,0.88380643030328587,50,moons|5|200|2000
moons,5,200,2000,OPTICS,VAE,k_minus_1,VAE__k_minus_1,0.90910343176577368,50,moons|5|200|2000
repliclust,2,10,2000,AHC,Isomap,25_percent,Isomap__25_percent,0.91338079673617623,50,repliclust|2|10|2000
repliclust,2,10,2000,AHC,Isomap,50_percent,Isomap__50_percent,0.91443724106375923,50,repliclust|2|10|2000
repliclust,2,10,2000,AHC,Isomap,k_minus_1,Isomap__k_minus_1,0.89092588700081177,50,repliclust|2|10|2000
repliclust,2,10,2000,AHC,KernelPCA,25_percent,KernelPCA__25_percent,0.97765079761437201,50,repliclust|2|10|2000
repliclust,2,10,2000,AHC,KernelPCA,50_percent,KernelPCA__50_percent,0.97512116161397344,50,repliclust|2|10|2000
repliclust,2,10,2000,AHC,KernelPCA,k_minus_1,KernelPCA__k_minus_1,0.97856910854681556,50,repliclust|2|10|2000
repliclust,2,10,2000,AHC,MDS,25_percent,MDS__25_percent,0.23085360556569523,50,repliclust|2|10|2000
repliclust,2,10,2000,AHC,MDS,50_percent,MDS__50_percent,0.096104255864607011,50,repliclust|2|10|2000
repliclust,2,10,2000,AHC,MDS,k_minus_1,MDS__k_minus_1,0.50617708805150274,50,repliclust|2|10|2000
repliclust,2,10,2000,AHC,None,original,None__original,0.038532750137981436,50,repliclust|2|10|2000
repliclust,2,10,2000,AHC,PCA,25_percent,PCA__25_percent,0.39766979259406687,50,repliclust|2|10|2000
repliclust,2,10,2000,AHC,PCA,50_percent,PCA__50_percent,0.15365445125909688,50,repliclust|2|10|2000
repliclust,2,10,2000,AHC,PCA,k_minus_1,PCA__k_minus_1,0.75324831191337682,50,repliclust|2|10|2000
repliclust,2,10,2000,AHC,VAE,25_percent,VAE__25_percent,0.58079299342353241,50,repliclust|2|10|2000
repliclust,2,10,2000,AHC,VAE,50_percent,VAE__50_percent,0.36119797299938416,50,repliclust|2|10|2000
repliclust,2,10,2000,AHC,VAE,k_minus_1,VAE__k_minus_1,0.71925303451423983,50,repliclust|2|10|2000
repliclust,2,10,2000,GMM,Isomap,25_percent,Isomap__25_percent,0.96263620001898298,50,repliclust|2|10|2000
repliclust,2,10,2000,GMM,Isomap,50_percent,Isomap__50_percent,0.96651247436243493,50,repliclust|2|10|2000
repliclust,2,10,2000,GMM,Isomap,k_minus_1,Isomap__k_minus_1,0.95958485074944766,50,repliclust|2|10|2000
repliclust,2,10,2000,GMM,KernelPCA,25_percent,KernelPCA__25_percent,0.98244268962227754,50,repliclust|2|10|2000
repliclust,2,10,2000,GMM,KernelPCA,50_percent,KernelPCA__50_percent,0.98331485711237443,50,repliclust|2|10|2000
repliclust,2,10,2000,GMM,KernelPCA,k_minus_1,KernelPCA__k_minus_1,0.98217551256625013,50,repliclust|2|10|2000
repliclust,2,10,2000,GMM,MDS,25_percent,MDS__25_percent,0.97552013962231554,50,repliclust|2|10|2000
repliclust,2,10,2000,GMM,MDS,50_percent,MDS__50_percent,0.98280352516988667,50,repliclust|2|10|2000
repliclust,2,10,2000,GMM,MDS,k_minus_1,MDS__k_minus_1,0.95474618214303519,50,repliclust|2|10|2000
repliclust,2,10,2000,GMM,None,original,None__original,0.99131334275047789,50,repliclust|2|10|2000
repliclust,2,10,2000,GMM,PCA,25_percent,PCA__25_percent,0.96730141581008899,50,repliclust|2|10|2000
repliclust,2,10,2000,GMM,PCA,50_percent,PCA__50_percent,0.97622927610253496,50,repliclust|2|10|2000
repliclust,2,10,2000,GMM,PCA,k_minus_1,PCA__k_minus_1,0.95930989081285545,50,repliclust|2|10|2000
repliclust,2,10,2000,GMM,VAE,25_percent,VAE__25_percent,0.96369610412741435,50,repliclust|2|10|2000
repliclust,2,10,2000,GMM,VAE,50_percent,VAE__50_percent,0.97236644450073018,50,repliclust|2|10|2000
repliclust,2,10,2000,GMM,VAE,k_minus_1,VAE__k_minus_1,0.96086444804508575,50,repliclust|2|10|2000
repliclust,2,10,2000,KMeans,Isomap,25_percent,Isomap__25_percent,0.86262304167907389,50,repliclust|2|10|2000
repliclust,2,10,2000,KMeans,Isomap,50_percent,Isomap__50_percent,0.86376020871071035,50,repliclust|2|10|2000
repliclust,2,10,2000,KMeans,Isomap,k_minus_1,Isomap__k_minus_1,0.86116094753854722,50,repliclust|2|10|2000
repliclust,2,10,2000,KMeans,KernelPCA,25_percent,KernelPCA__25_percent,0.97789323553164431,50,repliclust|2|10|2000
repliclust,2,10,2000,KMeans,KernelPCA,50_percent,KernelPCA__50_percent,0.97804752581488286,50,repliclust|2|10|2000
repliclust,2,10,2000,KMeans,KernelPCA,k_minus_1,KernelPCA__k_minus_1,0.97734106667047693,50,repliclust|2|10|2000
repliclust,2,10,2000,KMeans,MDS,25_percent,MDS__25_percent,0.69497239590029591,50,repliclust|2|10|2000
repliclust,2,10,2000,KMeans,MDS,50_percent,MDS__50_percent,0.82108040249035541,50,repliclust|2|10|2000
repliclust,2,10,2000,KMeans,MDS,k_minus_1,MDS__k_minus_1,0.60714327003899016,50,repliclust|2|10|2000
repliclust,2,10,2000,KMeans,None,original,None__original,0.87505086740117066,50,repliclust|2|10|2000
repliclust,2,10,2000,KMeans,PCA,25_percent,PCA__25_percent,0.86419844133263923,50,repliclust|2|10|2000
repliclust,2,10,2000,KMeans,PCA,50_percent,PCA__50_percent,0.86650728116402354,50,repliclust|2|10|2000
repliclust,2,10,2000,KMeans,PCA,k_minus_1,PCA__k_minus_1,0.86120518745497465,50,repliclust|2|10|2000
repliclust,2,10,2000,KMeans,VAE,25_percent,VAE__25_percent,0.91387573709173853,50,repliclust|2|10|2000
repliclust,2,10,2000,KMeans,VAE,50_percent,VAE__50_percent,0.91490169110673492,50,repliclust|2|10|2000
repliclust,2,10,2000,KMeans,VAE,k_minus_1,VAE__k_minus_1,0.91295357493390905,50,repliclust|2|10|2000
repliclust,2,10,2000,OPTICS,Isomap,25_percent,Isomap__25_percent,0,50,repliclust|2|10|2000
repliclust,2,10,2000,OPTICS,Isomap,50_percent,Isomap__50_percent,0,50,repliclust|2|10|2000
repliclust,2,10,2000,OPTICS,Isomap,k_minus_1,Isomap__k_minus_1,0.44111364198226732,50,repliclust|2|10|2000
repliclust,2,10,2000,OPTICS,KernelPCA,25_percent,KernelPCA__25_percent,0.61291549705185167,50,repliclust|2|10|2000
repliclust,2,10,2000,OPTICS,KernelPCA,50_percent,KernelPCA__50_percent,0.13851741917970939,50,repliclust|2|10|2000
repliclust,2,10,2000,OPTICS,KernelPCA,k_minus_1,KernelPCA__k_minus_1,0.82796960151112498,50,repliclust|2|10|2000
repliclust,2,10,2000,OPTICS,MDS,25_percent,MDS__25_percent,0,50,repliclust|2|10|2000
repliclust,2,10,2000,OPTICS,MDS,50_percent,MDS__50_percent,0,50,repliclust|2|10|2000
repliclust,2,10,2000,OPTICS,MDS,k_minus_1,MDS__k_minus_1,0.028660061379288056,50,repliclust|2|10|2000
repliclust,2,10,2000,OPTICS,None,original,None__original,0,50,repliclust|2|10|2000
repliclust,2,10,2000,OPTICS,PCA,25_percent,PCA__25_percent,0,50,repliclust|2|10|2000
repliclust,2,10,2000,OPTICS,PCA,50_percent,PCA__50_percent,0,50,repliclust|2|10|2000
repliclust,2,10,2000,OPTICS,PCA,k_minus_1,PCA__k_minus_1,0.13378787261292829,50,repliclust|2|10|2000
repliclust,2,10,2000,OPTICS,VAE,25_percent,VAE__25_percent,0.019404171559431464,50,repliclust|2|10|2000
repliclust,2,10,2000,OPTICS,VAE,50_percent,VAE__50_percent,0,50,repliclust|2|10|2000
repliclust,2,10,2000,OPTICS,VAE,k_minus_1,VAE__k_minus_1,0.19236765269886624,50,repliclust|2|10|2000
repliclust,2,50,2000,AHC,Isomap,25_percent,Isomap__25_percent,0.060862381936892564,50,repliclust|2|50|2000
repliclust,2,50,2000,AHC,Isomap,50_percent,Isomap__50_percent,0.042833706411207755,50,repliclust|2|50|2000
repliclust,2,50,2000,AHC,Isomap,k_minus_1,Isomap__k_minus_1,0.1346620882073655,50,repliclust|2|50|2000
repliclust,2,50,2000,AHC,KernelPCA,25_percent,KernelPCA__25_percent,0.97135839541691593,50,repliclust|2|50|2000
repliclust,2,50,2000,AHC,KernelPCA,50_percent,KernelPCA__50_percent,0.95087705440510906,50,repliclust|2|50|2000
repliclust,2,50,2000,AHC,KernelPCA,k_minus_1,KernelPCA__k_minus_1,0.99456991351996915,50,repliclust|2|50|2000
repliclust,2,50,2000,AHC,MDS,25_percent,MDS__25_percent,-0.00032842720573767934,50,repliclust|2|50|2000
repliclust,2,50,2000,AHC,MDS,50_percent,MDS__50_percent,-0.00031934631009703272,50,repliclust|2|50|2000
repliclust,2,50,2000,AHC,MDS,k_minus_1,MDS__k_minus_1,0.26728338614621239,50,repliclust|2|50|2000
repliclust,2,50,2000,AHC,None,original,None__original,-0.00030378484188167069,50,repliclust|2|50|2000
repliclust,2,50,2000,AHC,PCA,25_percent,PCA__25_percent,0.019148263091795358,50,repliclust|2|50|2000
repliclust,2,50,2000,AHC,PCA,50_percent,PCA__50_percent,0.018930141932561043,50,repliclust|2|50|2000
repliclust,2,50,2000,AHC,PCA,k_minus_1,PCA__k_minus_1,0.90446538988913749,50,repliclust|2|50|2000
repliclust,2,50,2000,AHC,VAE,25_percent,VAE__25_percent,0.23324560494117505,50,repliclust|2|50|2000
repliclust,2,50,2000,AHC,VAE,50_percent,VAE__50_percent,0.34587139854758242,50,repliclust|2|50|2000
repliclust,2,50,2000,AHC,VAE,k_minus_1,VAE__k_minus_1,0.61448239470109334,50,repliclust|2|50|2000
repliclust,2,50,2000,GMM,Isomap,25_percent,Isomap__25_percent,0.32267037060483711,50,repliclust|2|50|2000
repliclust,2,50,2000,GMM,Isomap,50_percent,Isomap__50_percent,0.54604049575382496,50,repliclust|2|50|2000
repliclust,2,50,2000,GMM,Isomap,k_minus_1,Isomap__k_minus_1,0.1885775458322253,50,repliclust|2|50|2000
repliclust,2,50,2000,GMM,KernelPCA,25_percent,KernelPCA__25_percent,0.99572008175417437,50,repliclust|2|50|2000
repliclust,2,50,2000,GMM,KernelPCA,50_percent,KernelPCA__50_percent,0.99500518579232422,50,repliclust|2|50|2000
repliclust,2,50,2000,GMM,KernelPCA,k_minus_1,KernelPCA__k_minus_1,0.99540226946129362,50,repliclust|2|50|2000
repliclust,2,50,2000,GMM,MDS,25_percent,MDS__25_percent,0.99471958356000623,50,repliclust|2|50|2000
repliclust,2,50,2000,GMM,MDS,50_percent,MDS__50_percent,0.99619662004514853,50,repliclust|2|50|2000
repliclust,2,50,2000,GMM,MDS,k_minus_1,MDS__k_minus_1,0.22576370678616389,50,repliclust|2|50|2000
repliclust,2,50,2000,GMM,None,original,None__original,0.99679709211095302,50,repliclust|2|50|2000
repliclust,2,50,2000,GMM,PCA,25_percent,PCA__25_percent,0.99327663802954458,50,repliclust|2|50|2000
repliclust,2,50,2000,GMM,PCA,50_percent,PCA__50_percent,0.99607485443023935,50,repliclust|2|50|2000
repliclust,2,50,2000,GMM,PCA,k_minus_1,PCA__k_minus_1,0.97621331168286318,50,repliclust|2|50|2000
repliclust,2,50,2000,GMM,VAE,25_percent,VAE__25_percent,0.98338436170883581,50,repliclust|2|50|2000
repliclust,2,50,2000,GMM,VAE,50_percent,VAE__50_percent,0.98283422633726003,50,repliclust|2|50|2000
repliclust,2,50,2000,GMM,VAE,k_minus_1,VAE__k_minus_1,0.96743991001104535,50,repliclust|2|50|2000
repliclust,2,50,2000,KMeans,Isomap,25_percent,Isomap__25_percent,0.14579786532019648,50,repliclust|2|50|2000
repliclust,2,50,2000,KMeans,Isomap,50_percent,Isomap__50_percent,0.14492822679704079,50,repliclust|2|50|2000
repliclust,2,50,2000,KMeans,Isomap,k_minus_1,Isomap__k_minus_1,0.1468057144164587,50,repliclust|2|50|2000
repliclust,2,50,2000,KMeans,KernelPCA,25_percent,KernelPCA__25_percent,0.99627937578427606,50,repliclust|2|50|2000
repliclust,2,50,2000,KMeans,KernelPCA,50_percent,KernelPCA__50_percent,0.99639859552504562,50,repliclust|2|50|2000
repliclust,2,50,2000,KMeans,KernelPCA,k_minus_1,KernelPCA__k_minus_1,0.99608046965442054,50,repliclust|2|50|2000
repliclust,2,50,2000,KMeans,MDS,25_percent,MDS__25_percent,0.79981079625649387,50,repliclust|2|50|2000
repliclust,2,50,2000,KMeans,MDS,50_percent,MDS__50_percent,0.8777093189505113,50,repliclust|2|50|2000
repliclust,2,50,2000,KMeans,MDS,k_minus_1,MDS__k_minus_1,0.28805194221351621,50,repliclust|2|50|2000
repliclust,2,50,2000,KMeans,None,original,None__original,0.90572767382060537,50,repliclust|2|50|2000
repliclust,2,50,2000,KMeans,PCA,25_percent,PCA__25_percent,0.90313142075108599,50,repliclust|2|50|2000
repliclust,2,50,2000,KMeans,PCA,50_percent,PCA__50_percent,0.90359074084166169,50,repliclust|2|50|2000
repliclust,2,50,2000,KMeans,PCA,k_minus_1,PCA__k_minus_1,0.90077287569164299,50,repliclust|2|50|2000
repliclust,2,50,2000,KMeans,VAE,25_percent,VAE__25_percent,0.93692744335753686,50,repliclust|2|50|2000
repliclust,2,50,2000,KMeans,VAE,50_percent,VAE__50_percent,0.93393531370931682,50,repliclust|2|50|2000
repliclust,2,50,2000,KMeans,VAE,k_minus_1,VAE__k_minus_1,0.92706540250924574,50,repliclust|2|50|2000
repliclust,2,50,2000,OPTICS,Isomap,25_percent,Isomap__25_percent,0,50,repliclust|2|50|2000
repliclust,2,50,2000,OPTICS,Isomap,50_percent,Isomap__50_percent,0,50,repliclust|2|50|2000
repliclust,2,50,2000,OPTICS,Isomap,k_minus_1,Isomap__k_minus_1,0.024989247261745961,50,repliclust|2|50|2000
repliclust,2,50,2000,OPTICS,KernelPCA,25_percent,KernelPCA__25_percent,0.55995974657509195,50,repliclust|2|50|2000
repliclust,2,50,2000,OPTICS,KernelPCA,50_percent,KernelPCA__50_percent,0.35999999999999999,50,repliclust|2|50|2000
repliclust,2,50,2000,OPTICS,KernelPCA,k_minus_1,KernelPCA__k_minus_1,0.91835808506607408,50,repliclust|2|50|2000
repliclust,2,50,2000,OPTICS,MDS,25_percent,MDS__25_percent,0,50,repliclust|2|50|2000
repliclust,2,50,2000,OPTICS,MDS,50_percent,MDS__50_percent,0,50,repliclust|2|50|2000
repliclust,2,50,2000,OPTICS,MDS,k_minus_1,MDS__k_minus_1,0.65867631181135,50,repliclust|2|50|2000
repliclust,2,50,2000,OPTICS,None,original,None__original,0,50,repliclust|2|50|2000
repliclust,2,50,2000,OPTICS,PCA,25_percent,PCA__25_percent,0,50,repliclust|2|50|2000
repliclust,2,50,2000,OPTICS,PCA,50_percent,PCA__50_percent,0,50,repliclust|2|50|2000
repliclust,2,50,2000,OPTICS,PCA,k_minus_1,PCA__k_minus_1,0.15713573237073222,50,repliclust|2|50|2000
repliclust,2,50,2000,OPTICS,VAE,25_percent,VAE__25_percent,0.019720826110012704,50,repliclust|2|50|2000
repliclust,2,50,2000,OPTICS,VAE,50_percent,VAE__50_percent,0.039401650704004622,50,repliclust|2|50|2000
repliclust,2,50,2000,OPTICS,VAE,k_minus_1,VAE__k_minus_1,0.3018378256248202,50,repliclust|2|50|2000
repliclust,2,200,2000,AHC,Isomap,25_percent,Isomap__25_percent,0.013007287088276509,50,repliclust|2|200|2000
repliclust,2,200,2000,AHC,Isomap,50_percent,Isomap__50_percent,-0.00031357723490454357,50,repliclust|2|200|2000
repliclust,2,200,2000,AHC,Isomap,k_minus_1,Isomap__k_minus_1,0.013185571882738459,50,repliclust|2|200|2000
repliclust,2,200,2000,AHC,KernelPCA,25_percent,KernelPCA__25_percent,0.81999645064390958,50,repliclust|2|200|2000
repliclust,2,200,2000,AHC,KernelPCA,50_percent,KernelPCA__50_percent,0.83969621654624693,50,repliclust|2|200|2000
repliclust,2,200,2000,AHC,KernelPCA,k_minus_1,KernelPCA__k_minus_1,0.9982427340520148,50,repliclust|2|200|2000
repliclust,2,200,2000,AHC,MDS,25_percent,MDS__25_percent,-0.00032257669452566667,50,repliclust|2|200|2000
repliclust,2,200,2000,AHC,MDS,50_percent,MDS__50_percent,-0.00031087968152985069,50,repliclust|2|200|2000
repliclust,2,200,2000,AHC,MDS,k_minus_1,MDS__k_minus_1,0.11481720297632625,50,repliclust|2|200|2000
repliclust,2,200,2000,AHC,None,original,None__original,-0.00031087968152985069,50,repliclust|2|200|2000
repliclust,2,200,2000,AHC,PCA,25_percent,PCA__25_percent,-0.00030868727144323072,50,repliclust|2|200|2000
repliclust,2,200,2000,AHC,PCA,50_percent,PCA__50_percent,-0.00031087968152985069,50,repliclust|2|200|2000
repliclust,2,200,2000,AHC,PCA,k_minus_1,PCA__k_minus_1,0.86725474398556646,50,repliclust|2|200|2000
repliclust,2,200,2000,AHC,VAE,25_percent,VAE__25_percent,0.019371633002026593,50,repliclust|2|200|2000
repliclust,2,200,2000,AHC,VAE,50_percent,VAE__50_percent,-0.00042700307079888674,50,repliclust|2|200|2000
repliclust,2,200,2000,AHC,VAE,k_minus_1,VAE__k_minus_1,0.17066423139867357,50,repliclust|2|200|2000
repliclust,2,200,2000,GMM,Isomap,25_percent,Isomap__25_percent,0.18514586461572755,50,repliclust|2|200|2000
repliclust,2,200,2000,GMM,Isomap,50_percent,Isomap__50_percent,0.3138262469393629,50,repliclust|2|200|2000
repliclust,2,200,2000,GMM,Isomap,k_minus_1,Isomap__k_minus_1,0.013994695737209888,50,repliclust|2|200|2000
repliclust,2,200,2000,GMM,KernelPCA,25_percent,KernelPCA__25_percent,0.99804219243468273,50,repliclust|2|200|2000
repliclust,2,200,2000,GMM,KernelPCA,50_percent,KernelPCA__50_percent,0.99792115648542401,50,repliclust|2|200|2000
repliclust,2,200,2000,GMM,KernelPCA,k_minus_1,KernelPCA__k_minus_1,0.99808243944756569,50,repliclust|2|200|2000
repliclust,2,200,2000,GMM,MDS,25_percent,MDS__25_percent,0.99736571950307773,50,repliclust|2|200|2000
repliclust,2,200,2000,GMM,MDS,50_percent,MDS__50_percent,0.99792463567889866,50,repliclust|2|200|2000
repliclust,2,200,2000,GMM,MDS,k_minus_1,MDS__k_minus_1,0.075390839869104123,50,repliclust|2|200|2000
repliclust,2,200,2000,GMM,None,original,None__original,0.9980831209801897,50,repliclust|2|200|2000
repliclust,2,200,2000,GMM,PCA,25_percent,PCA__25_percent,0.99776433814585563,50,repliclust|2|200|2000
repliclust,2,200,2000,GMM,PCA,50_percent,PCA__50_percent,0.99828353460326336,50,repliclust|2|200|2000
repliclust,2,200,2000,GMM,PCA,k_minus_1,PCA__k_minus_1,0.97527382153951192,50,repliclust|2|200|2000
repliclust,2,200,2000,GMM,VAE,25_percent,VAE__25_percent,0.97908495812465701,50,repliclust|2|200|2000
repliclust,2,200,2000,GMM,VAE,50_percent,VAE__50_percent,0.97698702558739514,50,repliclust|2|200|2000
repliclust,2,200,2000,GMM,VAE,k_minus_1,VAE__k_minus_1,0.95885524634284802,50,repliclust|2|200|2000
repliclust,2,200,2000,KMeans,Isomap,25_percent,Isomap__25_percent,0.015178631612967159,50,repliclust|2|200|2000
repliclust,2,200,2000,KMeans,Isomap,50_percent,Isomap__50_percent,0.015084551584844941,50,repliclust|2|200|2000
repliclust,2,200,2000,KMeans,Isomap,k_minus_1,Isomap__k_minus_1,0.018738163046448618,50,repliclust|2|200|2000
repliclust,2,200,2000,KMeans,KernelPCA,25_percent,KernelPCA__25_percent,0.99824109945737649,50,repliclust|2|200|2000
repliclust,2,200,2000,KMeans,KernelPCA,50_percent,KernelPCA__50_percent,0.99824158574554478,50,repliclust|2|200|2000
repliclust,2,200,2000,KMeans,KernelPCA,k_minus_1,KernelPCA__k_minus_1,0.99820152193869172,50,repliclust|2|200|2000
repliclust,2,200,2000,KMeans,MDS,25_percent,MDS__25_percent,0.84816159146844849,50,repliclust|2|200|2000
repliclust,2,200,2000,KMeans,MDS,50_percent,MDS__50_percent,0.89211663772661365,50,repliclust|2|200|2000
repliclust,2,200,2000,KMeans,MDS,k_minus_1,MDS__k_minus_1,0.065569961828000789,50,repliclust|2|200|2000
repliclust,2,200,2000,KMeans,None,original,None__original,0.89316152028472562,50,repliclust|2|200|2000
repliclust,2,200,2000,KMeans,PCA,25_percent,PCA__25_percent,0.89698011233441877,50,repliclust|2|200|2000
repliclust,2,200,2000,KMeans,PCA,50_percent,PCA__50_percent,0.89472866854637123,50,repliclust|2|200|2000
repliclust,2,200,2000,KMeans,PCA,k_minus_1,PCA__k_minus_1,0.8960007179924675,50,repliclust|2|200|2000
repliclust,2,200,2000,KMeans,VAE,25_percent,VAE__25_percent,0.92902206835132917,50,repliclust|2|200|2000
repliclust,2,200,2000,KMeans,VAE,50_percent,VAE__50_percent,0.94657999836267537,50,repliclust|2|200|2000
repliclust,2,200,2000,KMeans,VAE,k_minus_1,VAE__k_minus_1,0.88095697910551196,50,repliclust|2|200|2000
repliclust,2,200,2000,OPTICS,Isomap,25_percent,Isomap__25_percent,0,50,repliclust|2|200|2000
repliclust,2,200,2000,OPTICS,Isomap,50_percent,Isomap__50_percent,0,50,repliclust|2|200|2000
repliclust,2,200,2000,OPTICS,Isomap,k_minus_1,Isomap__k_minus_1,-0.00014908706611884004,50,repliclust|2|200|2000
repliclust,2,200,2000,OPTICS,KernelPCA,25_percent,KernelPCA__25_percent,0.66000000000000003,50,repliclust|2|200|2000
repliclust,2,200,2000,OPTICS,KernelPCA,50_percent,KernelPCA__50_percent,0.64000000000000001,50,repliclust|2|200|2000
repliclust,2,200,2000,OPTICS,KernelPCA,k_minus_1,KernelPCA__k_minus_1,0.95911634719376238,50,repliclust|2|200|2000
repliclust,2,200,2000,OPTICS,MDS,25_percent,MDS__25_percent,0,50,repliclust|2|200|2000
repliclust,2,200,2000,OPTICS,MDS,50_percent,MDS__50_percent,0,50,repliclust|2|200|2000
repliclust,2,200,2000,OPTICS,MDS,k_minus_1,MDS__k_minus_1,0.8199599737790968,50,repliclust|2|200|2000
repliclust,2,200,2000,OPTICS,None,original,None__original,0,50,repliclust|2|200|2000
repliclust,2,200,2000,OPTICS,PCA,25_percent,PCA__25_percent,0,50,repliclust|2|200|2000
repliclust,2,200,2000,OPTICS,PCA,50_percent,PCA__50_percent,0,50,repliclust|2|200|2000
repliclust,2,200,2000,OPTICS,PCA,k_minus_1,PCA__k_minus_1,0.1483333751244168,50,repliclust|2|200|2000
repliclust,2,200,2000,OPTICS,VAE,25_percent,VAE__25_percent,0.01976058949512868,50,repliclust|2|200|2000
repliclust,2,200,2000,OPTICS,VAE,50_percent,VAE__50_percent,0,50,repliclust|2|200|2000
repliclust,2,200,2000,OPTICS,VAE,k_minus_1,VAE__k_minus_1,0.16317152690323961,50,repliclust|2|200|2000
repliclust,5,10,2000,AHC,Isomap,25_percent,Isomap__25_percent,0.90465172355186152,50,repliclust|5|10|2000
repliclust,5,10,2000,AHC,Isomap,50_percent,Isomap__50_percent,0.93301806925779074,50,repliclust|5|10|2000
repliclust,5,10,2000,AHC,Isomap,k_minus_1,Isomap__k_minus_1,0.92745427301744654,50,repliclust|5|10|2000
repliclust,5,10,2000,AHC,KernelPCA,25_percent,KernelPCA__25_percent,0.89159189775451442,50,repliclust|5|10|2000
repliclust,5,10,2000,AHC,KernelPCA,50_percent,KernelPCA__50_percent,0.95815607806890113,50,repliclust|5|10|2000
repliclust,5,10,2000,AHC,KernelPCA,k_minus_1,KernelPCA__k_minus_1,0.95895481740280009,50,repliclust|5|10|2000
repliclust,5,10,2000,AHC,MDS,25_percent,MDS__25_percent,0.88202975217266189,50,repliclust|5|10|2000
repliclust,5,10,2000,AHC,MDS,50_percent,MDS__50_percent,0.93702601319506129,50,repliclust|5|10|2000
repliclust,5,10,2000,AHC,MDS,k_minus_1,MDS__k_minus_1,0.93075963838907794,50,repliclust|5|10|2000
repliclust,5,10,2000,AHC,None,original,None__original,0.82986530160810534,50,repliclust|5|10|2000
repliclust,5,10,2000,AHC,PCA,25_percent,PCA__25_percent,0.80413009371567479,50,repliclust|5|10|2000
repliclust,5,10,2000,AHC,PCA,50_percent,PCA__50_percent,0.92657346562657461,50,repliclust|5|10|2000
repliclust,5,10,2000,AHC,PCA,k_minus_1,PCA__k_minus_1,0.91984920433162731,50,repliclust|5|10|2000
repliclust,5,10,2000,AHC,VAE,25_percent,VAE__25_percent,0.93245796583002027,50,repliclust|5|10|2000
repliclust,5,10,2000,AHC,VAE,50_percent,VAE__50_percent,0.93495351710518548,50,repliclust|5|10|2000
repliclust,5,10,2000,AHC,VAE,k_minus_1,VAE__k_minus_1,0.93447764691651836,50,repliclust|5|10|2000
repliclust,5,10,2000,GMM,Isomap,25_percent,Isomap__25_percent,0.94150199810714275,50,repliclust|5|10|2000
repliclust,5,10,2000,GMM,Isomap,50_percent,Isomap__50_percent,0.95762221856850605,50,repliclust|5|10|2000
repliclust,5,10,2000,GMM,Isomap,k_minus_1,Isomap__k_minus_1,0.95654360060852117,50,repliclust|5|10|2000
repliclust,5,10,2000,GMM,KernelPCA,25_percent,KernelPCA__25_percent,0.9075384721798363,50,repliclust|5|10|2000
repliclust,5,10,2000,GMM,KernelPCA,50_percent,KernelPCA__50_percent,0.9692142632656765,50,repliclust|5|10|2000
repliclust,5,10,2000,GMM,KernelPCA,k_minus_1,KernelPCA__k_minus_1,0.9688347300808674,50,repliclust|5|10|2000
repliclust,5,10,2000,GMM,MDS,25_percent,MDS__25_percent,0.94573118802365741,50,repliclust|5|10|2000
repliclust,5,10,2000,GMM,MDS,50_percent,MDS__50_percent,0.96814474067760248,50,repliclust|5|10|2000
repliclust,5,10,2000,GMM,MDS,k_minus_1,MDS__k_minus_1,0.96441757439391751,50,repliclust|5|10|2000
repliclust,5,10,2000,GMM,None,original,None__original,0.97862002609920529,50,repliclust|5|10|2000
repliclust,5,10,2000,GMM,PCA,25_percent,PCA__25_percent,0.894760220292667,50,repliclust|5|10|2000
repliclust,5,10,2000,GMM,PCA,50_percent,PCA__50_percent,0.96320619075702429,50,repliclust|5|10|2000
repliclust,5,10,2000,GMM,PCA,k_minus_1,PCA__k_minus_1,0.95656848200665512,50,repliclust|5|10|2000
repliclust,5,10,2000,GMM,VAE,25_percent,VAE__25_percent,0.95799291099511674,50,repliclust|5|10|2000
repliclust,5,10,2000,GMM,VAE,50_percent,VAE__50_percent,0.95970001547976258,50,repliclust|5|10|2000
repliclust,5,10,2000,GMM,VAE,k_minus_1,VAE__k_minus_1,0.95934841114868452,50,repliclust|5|10|2000
repliclust,5,10,2000,KMeans,Isomap,25_percent,Isomap__25_percent,0.9025678688963843,50,repliclust|5|10|2000
repliclust,5,10,2000,KMeans,Isomap,50_percent,Isomap__50_percent,0.92541668809341926,50,repliclust|5|10|2000
repliclust,5,10,2000,KMeans,Isomap,k_minus_1,Isomap__k_minus_1,0.92436641426959154,50,repliclust|5|10|2000
repliclust,5,10,2000,KMeans,KernelPCA,25_percent,KernelPCA__25_percent,0.91547471220013166,50,repliclust|5|10|2000
repliclust,5,10,2000,KMeans,KernelPCA,50_percent,KernelPCA__50_percent,0.96712062212767425,50,repliclust|5|10|2000
repliclust,5,10,2000,KMeans,KernelPCA,k_minus_1,KernelPCA__k_minus_1,0.96602823365006518,50,repliclust|5|10|2000
repliclust,5,10,2000,KMeans,MDS,25_percent,MDS__25_percent,0.85937145142914806,50,repliclust|5|10|2000
repliclust,5,10,2000,KMeans,MDS,50_percent,MDS__50_percent,0.91434044270545944,50,repliclust|5|10|2000
repliclust,5,10,2000,KMeans,MDS,k_minus_1,MDS__k_minus_1,0.9001230031867099,50,repliclust|5|10|2000
repliclust,5,10,2000,KMeans,None,original,None__original,0.93623562896176338,50,repliclust|5|10|2000
repliclust,5,10,2000,KMeans,PCA,25_percent,PCA__25_percent,0.84954720813533546,50,repliclust|5|10|2000
repliclust,5,10,2000,KMeans,PCA,50_percent,PCA__50_percent,0.92493274850334184,50,repliclust|5|10|2000
repliclust,5,10,2000,KMeans,PCA,k_minus_1,PCA__k_minus_1,0.91820765592224762,50,repliclust|5|10|2000
repliclust,5,10,2000,KMeans,VAE,25_percent,VAE__25_percent,0.92573306817507328,50,repliclust|5|10|2000
repliclust,5,10,2000,KMeans,VAE,50_percent,VAE__50_percent,0.92813064644854859,50,repliclust|5|10|2000
repliclust,5,10,2000,KMeans,VAE,k_minus_1,VAE__k_minus_1,0.9270116297001656,50,repliclust|5|10|2000
repliclust,5,10,2000,OPTICS,Isomap,25_percent,Isomap__25_percent,0.50094842234247328,50,repliclust|5|10|2000
repliclust,5,10,2000,OPTICS,Isomap,50_percent,Isomap__50_percent,0.27873003742471353,50,repliclust|5|10|2000
repliclust,5,10,2000,OPTICS,Isomap,k_minus_1,Isomap__k_minus_1,0.38617886275301588,50,repliclust|5|10|2000
repliclust,5,10,2000,OPTICS,KernelPCA,25_percent,KernelPCA__25_percent,0.35313791173924763,50,repliclust|5|10|2000
repliclust,5,10,2000,OPTICS,KernelPCA,50_percent,KernelPCA__50_percent,0.25477751077885386,50,repliclust|5|10|2000
repliclust,5,10,2000,OPTICS,KernelPCA,k_minus_1,KernelPCA__k_minus_1,0.39630107429998168,50,repliclust|5|10|2000
repliclust,5,10,2000,OPTICS,MDS,25_percent,MDS__25_percent,0.057968885901928252,50,repliclust|5|10|2000
repliclust,5,10,2000,OPTICS,MDS,50_percent,MDS__50_percent,0.011973649435235538,50,repliclust|5|10|2000
repliclust,5,10,2000,OPTICS,MDS,k_minus_1,MDS__k_minus_1,0.031795462706241936,50,repliclust|5|10|2000
repliclust,5,10,2000,OPTICS,None,original,None__original,0.010036794816439177,50,repliclust|5|10|2000
repliclust,5,10,2000,OPTICS,PCA,25_percent,PCA__25_percent,0.022711436604345572,50,repliclust|5|10|2000
repliclust,5,10,2000,OPTICS,PCA,50_percent,PCA__50_percent,0.023300342040336711,50,repliclust|5|10|2000
repliclust,5,10,2000,OPTICS,PCA,k_minus_1,PCA__k_minus_1,0.029114663043034197,50,repliclust|5|10|2000
repliclust,5,10,2000,OPTICS,VAE,25_percent,VAE__25_percent,0.37189703170444771,50,repliclust|5|10|2000
repliclust,5,10,2000,OPTICS,VAE,50_percent,VAE__50_percent,0.30450364539281405,50,repliclust|5|10|2000
repliclust,5,10,2000,OPTICS,VAE,k_minus_1,VAE__k_minus_1,0.31301179459708534,50,repliclust|5|10|2000
repliclust,5,50,2000,AHC,Isomap,25_percent,Isomap__25_percent,0.42154255672114038,50,repliclust|5|50|2000
repliclust,5,50,2000,AHC,Isomap,50_percent,Isomap__50_percent,0.3461091833191694,50,repliclust|5|50|2000
repliclust,5,50,2000,AHC,Isomap,k_minus_1,Isomap__k_minus_1,0.51461471334320907,50,repliclust|5|50|2000
repliclust,5,50,2000,AHC,KernelPCA,25_percent,KernelPCA__25_percent,0.92909011801755126,50,repliclust|5|50|2000
repliclust,5,50,2000,AHC,KernelPCA,50_percent,KernelPCA__50_percent,0.87899718630725843,50,repliclust|5|50|2000
repliclust,5,50,2000,AHC,KernelPCA,k_minus_1,KernelPCA__k_minus_1,0.9820898927342574,50,repliclust|5|50|2000
repliclust,5,50,2000,AHC,MDS,25_percent,MDS__25_percent,0.32119258851109062,50,repliclust|5|50|2000
repliclust,5,50,2000,AHC,MDS,50_percent,MDS__50_percent,0.20160040600604212,50,repliclust|5|50|2000
repliclust,5,50,2000,AHC,MDS,k_minus_1,MDS__k_minus_1,0.70659578898665132,50,repliclust|5|50|2000
repliclust,5,50,2000,AHC,None,original,None__original,0.10641276280320891,50,repliclust|5|50|2000
repliclust,5,50,2000,AHC,PCA,25_percent,PCA__25_percent,0.55207117260921523,50,repliclust|5|50|2000
repliclust,5,50,2000,AHC,PCA,50_percent,PCA__50_percent,0.20660849501593279,50,repliclust|5|50|2000
repliclust,5,50,2000,AHC,PCA,k_minus_1,PCA__k_minus_1,0.95003050877820694,50,repliclust|5|50|2000
repliclust,5,50,2000,AHC,VAE,25_percent,VAE__25_percent,0.95241912264533968,50,repliclust|5|50|2000
repliclust,5,50,2000,AHC,VAE,50_percent,VAE__50_percent,0.94500578501849875,50,repliclust|5|50|2000
repliclust,5,50,2000,AHC,VAE,k_minus_1,VAE__k_minus_1,0.95254157767306291,50,repliclust|5|50|2000
repliclust,5,50,2000,GMM,Isomap,25_percent,Isomap__25_percent,0.5803633847042553,50,repliclust|5|50|2000
repliclust,5,50,2000,GMM,Isomap,50_percent,Isomap__50_percent,0.61496893010324738,50,repliclust|5|50|2000
repliclust,5,50,2000,GMM,Isomap,k_minus_1,Isomap__k_minus_1,0.60515099622260105,50,repliclust|5|50|2000
repliclust,5,50,2000,GMM,KernelPCA,25_percent,KernelPCA__25_percent,0.97962543691021919,50,repliclust|5|50|2000
repliclust,5,50,2000,GMM,KernelPCA,50_percent,KernelPCA__50_percent,0.9580832531251724,50,repliclust|5|50|2000
repliclust,5,50,2000,GMM,KernelPCA,k_minus_1,KernelPCA__k_minus_1,0.98569466626634084,50,repliclust|5|50|2000
repliclust,5,50,2000,GMM,MDS,25_percent,MDS__25_percent,0.98488266330413976,50,repliclust|5|50|2000
repliclust,5,50,2000,GMM,MDS,50_percent,MDS__50_percent,0.98814014568066344,50,repliclust|5|50|2000
repliclust,5,50,2000,GMM,MDS,k_minus_1,MDS__k_minus_1,0.93772408116110328,50,repliclust|5|50|2000
repliclust,5,50,2000,GMM,None,original,None__original,0.98938612847326923,50,repliclust|5|50|2000
repliclust,5,50,2000,GMM,PCA,25_percent,PCA__25_percent,0.98057683062111223,50,repliclust|5|50|2000
repliclust,5,50,2000,GMM,PCA,50_percent,PCA__50_percent,0.98556708186989217,50,repliclust|5|50|2000
repliclust,5,50,2000,GMM,PCA,k_minus_1,PCA__k_minus_1,0.97455458683000473,50,repliclust|5|50|2000
repliclust,5,50,2000,GMM,VAE,25_percent,VAE__25_percent,0.97346408946526219,50,repliclust|5|50|2000
repliclust,5,50,2000,GMM,VAE,50_percent,VAE__50_percent,0.9588954846451726,50,repliclust|5|50|2000
repliclust,5,50,2000,GMM,VAE,k_minus_1,VAE__k_minus_1,0.97020034826413037,50,repliclust|5|50|2000
repliclust,5,50,2000,KMeans,Isomap,25_percent,Isomap__25_percent,0.5539885198434541,50,repliclust|5|50|2000
repliclust,5,50,2000,KMeans,Isomap,50_percent,Isomap__50_percent,0.55018149583718468,50,repliclust|5|50|2000
repliclust,5,50,2000,KMeans,Isomap,k_minus_1,Isomap__k_minus_1,0.55613131060212206,50,repliclust|5|50|2000
repliclust,5,50,2000,KMeans,KernelPCA,25_percent,KernelPCA__25_percent,0.98782260052960125,50,repliclust|5|50|2000
repliclust,5,50,2000,KMeans,KernelPCA,50_percent,KernelPCA__50_percent,0.98807029201959229,50,repliclust|5|50|2000
repliclust,5,50,2000,KMeans,KernelPCA,k_minus_1,KernelPCA__k_minus_1,0.98776558737085718,50,repliclust|5|50|2000
repliclust,5,50,2000,KMeans,MDS,25_percent,MDS__25_percent,0.91101461391213123,50,repliclust|5|50|2000
repliclust,5,50,2000,KMeans,MDS,50_percent,MDS__50_percent,0.93972487161121721,50,repliclust|5|50|2000
repliclust,5,50,2000,KMeans,MDS,k_minus_1,MDS__k_minus_1,0.77021423504901931,50,repliclust|5|50|2000
repliclust,5,50,2000,KMeans,None,original,None__original,0.94768143409444305,50,repliclust|5|50|2000
repliclust,5,50,2000,KMeans,PCA,25_percent,PCA__25_percent,0.94518840836153128,50,repliclust|5|50|2000
repliclust,5,50,2000,KMeans,PCA,50_percent,PCA__50_percent,0.94589723074339771,50,repliclust|5|50|2000
repliclust,5,50,2000,KMeans,PCA,k_minus_1,PCA__k_minus_1,0.94371946373452975,50,repliclust|5|50|2000
repliclust,5,50,2000,KMeans,VAE,25_percent,VAE__25_percent,0.94714738303240653,50,repliclust|5|50|2000
repliclust,5,50,2000,KMeans,VAE,50_percent,VAE__50_percent,0.94490108821340801,50,repliclust|5|50|2000
repliclust,5,50,2000,KMeans,VAE,k_minus_1,VAE__k_minus_1,0.94713239815909067,50,repliclust|5|50|2000
repliclust,5,50,2000,OPTICS,Isomap,25_percent,Isomap__25_percent,0,50,repliclust|5|50|2000
repliclust,5,50,2000,OPTICS,Isomap,50_percent,Isomap__50_percent,0,50,repliclust|5|50|2000
repliclust,5,50,2000,OPTICS,Isomap,k_minus_1,Isomap__k_minus_1,0.0037334660532826604,50,repliclust|5|50|2000
repliclust,5,50,2000,OPTICS,KernelPCA,25_percent,KernelPCA__25_percent,0.03680886236910471,50,repliclust|5|50|2000
repliclust,5,50,2000,OPTICS,KernelPCA,50_percent,KernelPCA__50_percent,0.010955790934018318,50,repliclust|5|50|2000
repliclust,5,50,2000,OPTICS,KernelPCA,k_minus_1,KernelPCA__k_minus_1,0.4615841585743648,50,repliclust|5|50|2000
repliclust,5,50,2000,OPTICS,MDS,25_percent,MDS__25_percent,0.0029384886140658402,50,repliclust|5|50|2000
repliclust,5,50,2000,OPTICS,MDS,50_percent,MDS__50_percent,0.0030349408539618998,50,repliclust|5|50|2000
repliclust,5,50,2000,OPTICS,MDS,k_minus_1,MDS__k_minus_1,0.087264789105746449,50,repliclust|5|50|2000
repliclust,5,50,2000,OPTICS,None,original,None__original,0,50,repliclust|5|50|2000
repliclust,5,50,2000,OPTICS,PCA,25_percent,PCA__25_percent,0,50,repliclust|5|50|2000
repliclust,5,50,2000,OPTICS,PCA,50_percent,PCA__50_percent,0.0031735038925556403,50,repliclust|5|50|2000
repliclust,5,50,2000,OPTICS,PCA,k_minus_1,PCA__k_minus_1,0.084421479671076896,50,repliclust|5|50|2000
repliclust,5,50,2000,OPTICS,VAE,25_percent,VAE__25_percent,0.2396488852465232,50,repliclust|5|50|2000
repliclust,5,50,2000,OPTICS,VAE,50_percent,VAE__50_percent,0.22040035703844843,50,repliclust|5|50|2000
repliclust,5,50,2000,OPTICS,VAE,k_minus_1,VAE__k_minus_1,0.2542875197144272,50,repliclust|5|50|2000
repliclust,5,200,2000,AHC,Isomap,25_percent,Isomap__25_percent,0.02071905937217447,50,repliclust|5|200|2000
repliclust,5,200,2000,AHC,Isomap,50_percent,Isomap__50_percent,0.01033824262224929,50,repliclust|5|200|2000
repliclust,5,200,2000,AHC,Isomap,k_minus_1,Isomap__k_minus_1,0.076778271031333944,50,repliclust|5|200|2000
repliclust,5,200,2000,AHC,KernelPCA,25_percent,KernelPCA__25_percent,0.70229293751683219,50,repliclust|5|200|2000
repliclust,5,200,2000,AHC,KernelPCA,50_percent,KernelPCA__50_percent,0.5342325380531624,50,repliclust|5|200|2000
repliclust,5,200,2000,AHC,KernelPCA,k_minus_1,KernelPCA__k_minus_1,0.98508458593524939,50,repliclust|5|200|2000
repliclust,5,200,2000,AHC,MDS,25_percent,MDS__25_percent,0.028794351676421699,50,repliclust|5|200|2000
repliclust,5,200,2000,AHC,MDS,50_percent,MDS__50_percent,0.016127627330561278,50,repliclust|5|200|2000
repliclust,5,200,2000,AHC,MDS,k_minus_1,MDS__k_minus_1,0.30373942689877126,50,repliclust|5|200|2000
repliclust,5,200,2000,AHC,None,original,None__original,-0.00034946123060514866,50,repliclust|5|200|2000
repliclust,5,200,2000,AHC,PCA,25_percent,PCA__25_percent,0.01839131588593506,50,repliclust|5|200|2000
repliclust,5,200,2000,AHC,PCA,50_percent,PCA__50_percent,0.01763130401512053,50,repliclust|5|200|2000
repliclust,5,200,2000,AHC,PCA,k_minus_1,PCA__k_minus_1,0.93685143362422441,50,repliclust|5|200|2000
repliclust,5,200,2000,AHC,VAE,25_percent,VAE__25_percent,0.92164204012372564,50,repliclust|5|200|2000
repliclust,5,200,2000,AHC,VAE,50_percent,VAE__50_percent,0.4491386663448535,50,repliclust|5|200|2000
repliclust,5,200,2000,AHC,VAE,k_minus_1,VAE__k_minus_1,0.91351554103951349,50,repliclust|5|200|2000
repliclust,5,200,2000,GMM,Isomap,25_percent,Isomap__25_percent,0.090686647056912692,50,repliclust|5|200|2000
repliclust,5,200,2000,GMM,Isomap,50_percent,Isomap__50_percent,0.097266471077452288,50,repliclust|5|200|2000
repliclust,5,200,2000,GMM,Isomap,k_minus_1,Isomap__k_minus_1,0.091492927341581862,50,repliclust|5|200|2000
repliclust,5,200,2000,GMM,KernelPCA,25_percent,KernelPCA__25_percent,0.98345402612283994,50,repliclust|5|200|2000
repliclust,5,200,2000,GMM,KernelPCA,50_percent,KernelPCA__50_percent,0.98149118481649111,50,repliclust|5|200|2000
repliclust,5,200,2000,GMM,KernelPCA,k_minus_1,KernelPCA__k_minus_1,0.98999324991871651,50,repliclust|5|200|2000
repliclust,5,200,2000,GMM,MDS,25_percent,MDS__25_percent,0.97990735709291643,50,repliclust|5|200|2000
repliclust,5,200,2000,GMM,MDS,50_percent,MDS__50_percent,0.93523627257531805,50,repliclust|5|200|2000
repliclust,5,200,2000,GMM,MDS,k_minus_1,MDS__k_minus_1,0.59528569302538226,50,repliclust|5|200|2000
repliclust,5,200,2000,GMM,None,original,None__original,0.88922367605947139,50,repliclust|5|200|2000
repliclust,5,200,2000,GMM,PCA,25_percent,PCA__25_percent,0.98105442642910901,50,repliclust|5|200|2000
repliclust,5,200,2000,GMM,PCA,50_percent,PCA__50_percent,0.94636485549906335,50,repliclust|5|200|2000
repliclust,5,200,2000,GMM,PCA,k_minus_1,PCA__k_minus_1,0.96784360509685596,50,repliclust|5|200|2000
repliclust,5,200,2000,GMM,VAE,25_percent,VAE__25_percent,0.92864880768320079,50,repliclust|5|200|2000
repliclust,5,200,2000,GMM,VAE,50_percent,VAE__50_percent,0.94666255213306927,50,repliclust|5|200|2000
repliclust,5,200,2000,GMM,VAE,k_minus_1,VAE__k_minus_1,0.95588899177196507,50,repliclust|5|200|2000
repliclust,5,200,2000,KMeans,Isomap,25_percent,Isomap__25_percent,0.087988755808911759,50,repliclust|5|200|2000
repliclust,5,200,2000,KMeans,Isomap,50_percent,Isomap__50_percent,0.087704269149818326,50,repliclust|5|200|2000
repliclust,5,200,2000,KMeans,Isomap,k_minus_1,Isomap__k_minus_1,0.089659822642124187,50,repliclust|5|200|2000
repliclust,5,200,2000,KMeans,KernelPCA,25_percent,KernelPCA__25_percent,0.99056115943134615,50,repliclust|5|200|2000
repliclust,5,200,2000,KMeans,KernelPCA,50_percent,KernelPCA__50_percent,0.9904363460079092,50,repliclust|5|200|2000
repliclust,5,200,2000,KMeans,KernelPCA,k_minus_1,KernelPCA__k_minus_1,0.9899116635615326,50,repliclust|5|200|2000
repliclust,5,200,2000,KMeans,MDS,25_percent,MDS__25_percent,0.92415249744962669,50,repliclust|5|200|2000
repliclust,5,200,2000,KMeans,MDS,50_percent,MDS__50_percent,0.93420056058472556,50,repliclust|5|200|2000
repliclust,5,200,2000,KMeans,MDS,k_minus_1,MDS__k_minus_1,0.50103247920429017,50,repliclust|5|200|2000
repliclust,5,200,2000,KMeans,None,original,None__original,0.91599810611651611,50,repliclust|5|200|2000
repliclust,5,200,2000,KMeans,PCA,25_percent,PCA__25_percent,0.93704365845154447,50,repliclust|5|200|2000
repliclust,5,200,2000,KMeans,PCA,50_percent,PCA__50_percent,0.93336901596962685,50,repliclust|5|200|2000
repliclust,5,200,2000,KMeans,PCA,k_minus_1,PCA__k_minus_1,0.93469705024503258,50,repliclust|5|200|2000
repliclust,5,200,2000,KMeans,VAE,25_percent,VAE__25_percent,0.90479128164876077,50,repliclust|5|200|2000
repliclust,5,200,2000,KMeans,VAE,50_percent,VAE__50_percent,0.90955821126668079,50,repliclust|5|200|2000
repliclust,5,200,2000,KMeans,VAE,k_minus_1,VAE__k_minus_1,0.90277779048081197,50,repliclust|5|200|2000
repliclust,5,200,2000,OPTICS,Isomap,25_percent,Isomap__25_percent,0,50,repliclust|5|200|2000
repliclust,5,200,2000,OPTICS,Isomap,50_percent,Isomap__50_percent,0,50,repliclust|5|200|2000
repliclust,5,200,2000,OPTICS,Isomap,k_minus_1,Isomap__k_minus_1,0.00074726174475635591,50,repliclust|5|200|2000
repliclust,5,200,2000,OPTICS,KernelPCA,25_percent,KernelPCA__25_percent,0.054799409907105565,50,repliclust|5|200|2000
repliclust,5,200,2000,OPTICS,KernelPCA,50_percent,KernelPCA__50_percent,0.025766616896578359,50,repliclust|5|200|2000
repliclust,5,200,2000,OPTICS,KernelPCA,k_minus_1,KernelPCA__k_minus_1,0.56612963388915494,50,repliclust|5|200|2000
repliclust,5,200,2000,OPTICS,MDS,25_percent,MDS__25_percent,0,50,repliclust|5|200|2000
repliclust,5,200,2000,OPTICS,MDS,50_percent,MDS__50_percent,0,50,repliclust|5|200|2000
repliclust,5,200,2000,OPTICS,MDS,k_minus_1,MDS__k_minus_1,0.051095909562453634,50,repliclust|5|200|2000
repliclust,5,200,2000,OPTICS,None,original,None__original,0,50,repliclust|5|200|2000
repliclust,5,200,2000,OPTICS,PCA,25_percent,PCA__25_percent,0,50,repliclust|5|200|2000
repliclust,5,200,2000,OPTICS,PCA,50_percent,PCA__50_percent,0,50,repliclust|5|200|2000
repliclust,5,200,2000,OPTICS,PCA,k_minus_1,PCA__k_minus_1,0.062585619314715651,50,repliclust|5|200|2000
repliclust,5,200,2000,OPTICS,VAE,25_percent,VAE__25_percent,0.083288964040193314,50,repliclust|5|200|2000
repliclust,5,200,2000,OPTICS,VAE,50_percent,VAE__50_percent,0.043924293836347099,50,repliclust|5|200|2000
repliclust,5,200,2000,OPTICS,VAE,k_minus_1,VAE__k_minus_1,0.11886927311323137,50,repliclust|5|200|2000
rsg,2,10,10,AHC,Isomap,25_percent,Isomap__25_percent,0.43957765352802536,10,rsg|2|10|10
rsg,2,10,10,AHC,Isomap,50_percent,Isomap__50_percent,0.51016588882214298,10,rsg|2|10|10
rsg,2,10,10,AHC,Isomap,k_minus_1,Isomap__k_minus_1,0.43957765352802536,10,rsg|2|10|10
rsg,2,10,10,AHC,KernelPCA,25_percent,KernelPCA__25_percent,0.43634641316356548,10,rsg|2|10|10
rsg,2,10,10,AHC,KernelPCA,50_percent,KernelPCA__50_percent,0.56707554263582138,10,rsg|2|10|10
rsg,2,10,10,AHC,KernelPCA,k_minus_1,KernelPCA__k_minus_1,0.43634641316356548,10,rsg|2|10|10
rsg,2,10,10,AHC,MDS,25_percent,MDS__25_percent,0.29383619476498724,10,rsg|2|10|10
rsg,2,10,10,AHC,MDS,50_percent,MDS__50_percent,0.27399380804953555,10,rsg|2|10|10
rsg,2,10,10,AHC,MDS,k_minus_1,MDS__k_minus_1,0.44396830931187009,10,rsg|2|10|10
rsg,2,10,10,AHC,None,original,None__original,0.27399380804953555,10,rsg|2|10|10
rsg,2,10,10,AHC,PCA,25_percent,PCA__25_percent,0.27399380804953555,10,rsg|2|10|10
rsg,2,10,10,AHC,PCA,50_percent,PCA__50_percent,0.29383619476498724,10,rsg|2|10|10
rsg,2,10,10,AHC,PCA,k_minus_1,PCA__k_minus_1,0.51720765718270423,10,rsg|2|10|10
rsg,2,10,10,AHC,VAE,25_percent,VAE__25_percent,0.45162381170421445,10,rsg|2|10|10
rsg,2,10,10,AHC,VAE,50_percent,VAE__50_percent,0.42677703517313487,10,rsg|2|10|10
rsg,2,10,10,AHC,VAE,k_minus_1,VAE__k_minus_1,0.54811111904591858,10,rsg|2|10|10
rsg,2,10,10,GMM,Isomap,25_percent,Isomap__25_percent,0.21016588882214307,10,rsg|2|10|10
rsg,2,10,10,GMM,Isomap,50_percent,Isomap__50_percent,0.61035294117647054,10,rsg|2|10|10
rsg,2,10,10,GMM,Isomap,k_minus_1,Isomap__k_minus_1,0.040191387559808549,10,rsg|2|10|10
rsg,2,10,10,GMM,KernelPCA,25_percent,KernelPCA__25_percent,0.48936527046725259,10,rsg|2|10|10
rsg,2,10,10,GMM,KernelPCA,50_percent,KernelPCA__50_percent,0.63677611940298484,10,rsg|2|10|10
rsg,2,10,10,GMM,KernelPCA,k_minus_1,KernelPCA__k_minus_1,0.31062167350693737,10,rsg|2|10|10
rsg,2,10,10,GMM,MDS,25_percent,MDS__25_percent,0.077962285392625758,10,rsg|2|10|10
rsg,2,10,10,GMM,MDS,50_percent,MDS__50_percent,0.63493239683933278,10,rsg|2|10|10
rsg,2,10,10,GMM,MDS,k_minus_1,MDS__k_minus_1,0.37295789557699821,10,rsg|2|10|10
rsg,2,10,10,GMM,None,original,None__original,0.7005162423178225,10,rsg|2|10|10
rsg,2,10,10,GMM,PCA,25_percent,PCA__25_percent,0.25179814409517276,10,rsg|2|10|10
rsg,2,10,10,GMM,PCA,50_percent,PCA__50_percent,0.64890254609306397,10,rsg|2|10|10
rsg,2,10,10,GMM,PCA,k_minus_1,PCA__k_minus_1,0.47884024851817458,10,rsg|2|10|10
rsg,2,10,10,GMM,VAE,25_percent,VAE__25_percent,0.30517872220658587,10,rsg|2|10|10
rsg,2,10,10,GMM,VAE,50_percent,VAE__50_percent,0.60034416154521497,10,rsg|2|10|10
rsg,2,10,10,GMM,VAE,k_minus_1,VAE__k_minus_1,0.49797900449903576,10,rsg|2|10|10
rsg,2,10,10,KMeans,Isomap,25_percent,Isomap__25_percent,0.50087796312554844,10,rsg|2|10|10
rsg,2,10,10,KMeans,Isomap,50_percent,Isomap__50_percent,0.50087796312554844,10,rsg|2|10|10
rsg,2,10,10,KMeans,Isomap,k_minus_1,Isomap__k_minus_1,0.50087796312554844,10,rsg|2|10|10
rsg,2,10,10,KMeans,KernelPCA,25_percent,KernelPCA__25_percent,0.72809439993950853,10,rsg|2|10|10
rsg,2,10,10,KMeans,KernelPCA,50_percent,KernelPCA__50_percent,0.761270870527744,10,rsg|2|10|10
rsg,2,10,10,KMeans,KernelPCA,k_minus_1,KernelPCA__k_minus_1,0.71808562030825307,10,rsg|2|10|10
rsg,2,10,10,KMeans,MDS,25_percent,MDS__25_percent,0.57146619841966617,10,rsg|2|10|10
rsg,2,10,10,KMeans,MDS,50_percent,MDS__50_percent,0.50087796312554844,10,rsg|2|10|10
rsg,2,10,10,KMeans,MDS,k_minus_1,MDS__k_minus_1,0.60464266900790153,10,rsg|2|10|10
rsg,2,10,10,KMeans,None,original,None__original,0.50087796312554844,10,rsg|2|10|10
rsg,2,10,10,KMeans,PCA,25_percent,PCA__25_percent,0.57146619841966617,10,rsg|2|10|10
rsg,2,10,10,KMeans,PCA,50_percent,PCA__50_percent,0.50087796312554844,10,rsg|2|10|10
rsg,2,10,10,KMeans,PCA,k_minus_1,PCA__k_minus_1,0.57146619841966617,10,rsg|2|10|10
rsg,2,10,10,KMeans,VAE,25_percent,VAE__25_percent,0.59675153643546941,10,rsg|2|10|10
rsg,2,10,10,KMeans,VAE,50_percent,VAE__50_percent,0.59675153643546941,10,rsg|2|10|10
rsg,2,10,10,KMeans,VAE,k_minus_1,VAE__k_minus_1,0.57752288375180094,10,rsg|2|10|10
rsg,2,10,10,OPTICS,Isomap,25_percent,Isomap__25_percent,0,10,rsg|2|10|10
rsg,2,10,10,OPTICS,Isomap,50_percent,Isomap__50_percent,0,10,rsg|2|10|10
rsg,2,10,10,OPTICS,Isomap,k_minus_1,Isomap__k_minus_1,0,10,rsg|2|10|10
rsg,2,10,10,OPTICS,KernelPCA,25_percent,KernelPCA__25_percent,0,10,rsg|2|10|10
rsg,2,10,10,OPTICS,KernelPCA,50_percent,KernelPCA__50_percent,0,10,rsg|2|10|10
rsg,2,10,10,OPTICS,KernelPCA,k_minus_1,KernelPCA__k_minus_1,0,10,rsg|2|10|10
rsg,2,10,10,OPTICS,MDS,25_percent,MDS__25_percent,0,10,rsg|2|10|10
rsg,2,10,10,OPTICS,MDS,50_percent,MDS__50_percent,0,10,rsg|2|10|10
rsg,2,10,10,OPTICS,MDS,k_minus_1,MDS__k_minus_1,0,10,rsg|2|10|10
rsg,2,10,10,OPTICS,None,original,None__original,0,10,rsg|2|10|10
rsg,2,10,10,OPTICS,PCA,25_percent,PCA__25_percent,0,10,rsg|2|10|10
rsg,2,10,10,OPTICS,PCA,50_percent,PCA__50_percent,0,10,rsg|2|10|10
rsg,2,10,10,OPTICS,PCA,k_minus_1,PCA__k_minus_1,0,10,rsg|2|10|10
rsg,2,10,10,OPTICS,VAE,25_percent,VAE__25_percent,0,10,rsg|2|10|10
rsg,2,10,10,OPTICS,VAE,50_percent,VAE__50_percent,0,10,rsg|2|10|10
rsg,2,10,10,OPTICS,VAE,k_minus_1,VAE__k_minus_1,0.10000000000000001,10,rsg|2|10|10
rsg,2,10,100,AHC,Isomap,25_percent,Isomap__25_percent,0.96226657506050972,10,rsg|2|10|100
rsg,2,10,100,AHC,Isomap,50_percent,Isomap__50_percent,0.8621839722032778,10,rsg|2|10|100
rsg,2,10,100,AHC,Isomap,k_minus_1,Isomap__k_minus_1,0.96226657506050972,10,rsg|2|10|100
rsg,2,10,100,AHC,KernelPCA,25_percent,KernelPCA__25_percent,0.6896809884370888,10,rsg|2|10|100
rsg,2,10,100,AHC,KernelPCA,50_percent,KernelPCA__50_percent,0.58972170076050057,10,rsg|2|10|100
rsg,2,10,100,AHC,KernelPCA,k_minus_1,KernelPCA__k_minus_1,0.55701366729504531,10,rsg|2|10|100
rsg,2,10,100,AHC,MDS,25_percent,MDS__25_percent,0.092080129304011299,10,rsg|2|10|100
rsg,2,10,100,AHC,MDS,50_percent,MDS__50_percent,0.096080480289860493,10,rsg|2|10|100
rsg,2,10,100,AHC,MDS,k_minus_1,MDS__k_minus_1,0.16234748803479179,10,rsg|2|10|100
rsg,2,10,100,AHC,None,original,None__original,0.096161352414856377,10,rsg|2|10|100
rsg,2,10,100,AHC,PCA,25_percent,PCA__25_percent,0.09752384668402371,10,rsg|2|10|100
rsg,2,10,100,AHC,PCA,50_percent,PCA__50_percent,0.088241656428947504,10,rsg|2|10|100
rsg,2,10,100,AHC,PCA,k_minus_1,PCA__k_minus_1,0.16417408512748691,10,rsg|2|10|100
rsg,2,10,100,AHC,VAE,25_percent,VAE__25_percent,0.09288976395637441,10,rsg|2|10|100
rsg,2,10,100,AHC,VAE,50_percent,VAE__50_percent,0.1976790253093848,10,rsg|2|10|100
rsg,2,10,100,AHC,VAE,k_minus_1,VAE__k_minus_1,0.13923856743058349,10,rsg|2|10|100
rsg,2,10,100,GMM,Isomap,25_percent,Isomap__25_percent,0.93939219398141027,10,rsg|2|10|100
rsg,2,10,100,GMM,Isomap,50_percent,Isomap__50_percent,0.96088690530267462,10,rsg|2|10|100
rsg,2,10,100,GMM,Isomap,k_minus_1,Isomap__k_minus_1,0.86816201494816703,10,rsg|2|10|100
rsg,2,10,100,GMM,KernelPCA,25_percent,KernelPCA__25_percent,0.81834420992688117,10,rsg|2|10|100
rsg,2,10,100,GMM,KernelPCA,50_percent,KernelPCA__50_percent,0.87317519556984169,10,rsg|2|10|100
rsg,2,10,100,GMM,KernelPCA,k_minus_1,KernelPCA__k_minus_1,0.58811965648958575,10,rsg|2|10|100
rsg,2,10,100,GMM,MDS,25_percent,MDS__25_percent,0.5921396961788129,10,rsg|2|10|100
rsg,2,10,100,GMM,MDS,50_percent,MDS__50_percent,0.99199921632972932,10,rsg|2|10|100
rsg,2,10,100,GMM,MDS,k_minus_1,MDS__k_minus_1,0.41401365710016708,10,rsg|2|10|100
rsg,2,10,100,GMM,None,original,None__original,1,10,rsg|2|10|100
rsg,2,10,100,GMM,PCA,25_percent,PCA__25_percent,0.72816213495323534,10,rsg|2|10|100
rsg,2,10,100,GMM,PCA,50_percent,PCA__50_percent,1,10,rsg|2|10|100
rsg,2,10,100,GMM,PCA,k_minus_1,PCA__k_minus_1,0.39049114991188805,10,rsg|2|10|100
rsg,2,10,100,GMM,VAE,25_percent,VAE__25_percent,0.65539948776258183,10,rsg|2|10|100
rsg,2,10,100,GMM,VAE,50_percent,VAE__50_percent,0.83289406607768657,10,rsg|2|10|100
rsg,2,10,100,GMM,VAE,k_minus_1,VAE__k_minus_1,0.37419482142173005,10,rsg|2|10|100
rsg,2,10,100,KMeans,Isomap,25_percent,Isomap__25_percent,0.96921050049076352,10,rsg|2|10|100
rsg,2,10,100,KMeans,Isomap,50_percent,Isomap__50_percent,0.96921050049076352,10,rsg|2|10|100
rsg,2,10,100,KMeans,Isomap,k_minus_1,Isomap__k_minus_1,0.96521010865562806,10,rsg|2|10|100
rsg,2,10,100,KMeans,KernelPCA,25_percent,KernelPCA__25_percent,0.74470540381335892,10,rsg|2|10|100
rsg,2,10,100,KMeans,KernelPCA,50_percent,KernelPCA__50_percent,0.73768048312010237,10,rsg|2|10|100
rsg,2,10,100,KMeans,KernelPCA,k_minus_1,KernelPCA__k_minus_1,0.62007479376561359,10,rsg|2|10|100
rsg,2,10,100,KMeans,MDS,25_percent,MDS__25_percent,0.4754539913679266,10,rsg|2|10|100
rsg,2,10,100,KMeans,MDS,50_percent,MDS__50_percent,0.43334654718570065,10,rsg|2|10|100
rsg,2,10,100,KMeans,MDS,k_minus_1,MDS__k_minus_1,0.44619308688086673,10,rsg|2|10|100
rsg,2,10,100,KMeans,None,original,None__original,0.43353267365446529,10,rsg|2|10|100
rsg,2,10,100,KMeans,PCA,25_percent,PCA__25_percent,0.40961414714982636,10,rsg|2|10|100
rsg,2,10,100,KMeans,PCA,50_percent,PCA__50_percent,0.41999991650107071,10,rsg|2|10|100
rsg,2,10,100,KMeans,PCA,k_minus_1,PCA__k_minus_1,0.33771597969443484,10,rsg|2|10|100
rsg,2,10,100,KMeans,VAE,25_percent,VAE__25_percent,0.46473207315180221,10,rsg|2|10|100
rsg,2,10,100,KMeans,VAE,50_percent,VAE__50_percent,0.56387507149549809,10,rsg|2|10|100
rsg,2,10,100,KMeans,VAE,k_minus_1,VAE__k_minus_1,0.39395138171894939,10,rsg|2|10|100
rsg,2,10,100,OPTICS,Isomap,25_percent,Isomap__25_percent,0.954915476540244,10,rsg|2|10|100
rsg,2,10,100,OPTICS,Isomap,50_percent,Isomap__50_percent,0.87923511702967139,10,rsg|2|10|100
rsg,2,10,100,OPTICS,Isomap,k_minus_1,Isomap__k_minus_1,0.93883098294224643,10,rsg|2|10|100
rsg,2,10,100,OPTICS,KernelPCA,25_percent,KernelPCA__25_percent,0.43992966482829693,10,rsg|2|10|100
rsg,2,10,100,OPTICS,KernelPCA,50_percent,KernelPCA__50_percent,0.39456115303286932,10,rsg|2|10|100
rsg,2,10,100,OPTICS,KernelPCA,k_minus_1,KernelPCA__k_minus_1,0.47105494719848318,10,rsg|2|10|100
rsg,2,10,100,OPTICS,MDS,25_percent,MDS__25_percent,0.4801581150045755,10,rsg|2|10|100
rsg,2,10,100,OPTICS,MDS,50_percent,MDS__50_percent,0.66358658835169038,10,rsg|2|10|100
rsg,2,10,100,OPTICS,MDS,k_minus_1,MDS__k_minus_1,0.33216223142994844,10,rsg|2|10|100
rsg,2,10,100,OPTICS,None,original,None__original,0.64049744283552223,10,rsg|2|10|100
rsg,2,10,100,OPTICS,PCA,25_percent,PCA__25_percent,0.3853727383757431,10,rsg|2|10|100
rsg,2,10,100,OPTICS,PCA,50_percent,PCA__50_percent,0.55872732263403058,10,rsg|2|10|100
rsg,2,10,100,OPTICS,PCA,k_minus_1,PCA__k_minus_1,0.24601358421105979,10,rsg|2|10|100
rsg,2,10,100,OPTICS,VAE,25_percent,VAE__25_percent,0.39800737805011921,10,rsg|2|10|100
rsg,2,10,100,OPTICS,VAE,50_percent,VAE__50_percent,0.43396841031895217,10,rsg|2|10|100
rsg,2,10,100,OPTICS,VAE,k_minus_1,VAE__k_minus_1,0.29507061911866339,10,rsg|2|10|100
rsg,2,10,200,AHC,Isomap,25_percent,Isomap__25_percent,0.96423751289302928,6,rsg|2|10|200
rsg,2,10,200,AHC,Isomap,50_percent,Isomap__50_percent,0.96103838039798717,6,rsg|2|10|200
rsg,2,10,200,AHC,Isomap,k_minus_1,Isomap__k_minus_1,0.97053534359661686,6,rsg|2|10|200
rsg,2,10,200,AHC,KernelPCA,25_percent,KernelPCA__25_percent,0.73357411253387117,6,rsg|2|10|200
rsg,2,10,200,AHC,KernelPCA,50_percent,KernelPCA__50_percent,0.64220731864762381,6,rsg|2|10|200
rsg,2,10,200,AHC,KernelPCA,k_minus_1,KernelPCA__k_minus_1,0.69790453453531975,6,rsg|2|10|200
rsg,2,10,200,AHC,MDS,25_percent,MDS__25_percent,0.28473222993141595,6,rsg|2|10|200
rsg,2,10,200,AHC,MDS,50_percent,MDS__50_percent,0.0022135647246324833,6,rsg|2|10|200
rsg,2,10,200,AHC,MDS,k_minus_1,MDS__k_minus_1,0.60183315153360917,6,rsg|2|10|200
rsg,2,10,200,AHC,None,original,None__original,0.0018444730281869999,6,rsg|2|10|200
rsg,2,10,200,AHC,PCA,25_percent,PCA__25_percent,3.3507505345983331e-05,6,rsg|2|10|200
rsg,2,10,200,AHC,PCA,50_percent,PCA__50_percent,0.0027167937417218332,6,rsg|2|10|200
rsg,2,10,200,AHC,PCA,k_minus_1,PCA__k_minus_1,0.25596921438686898,6,rsg|2|10|200
rsg,2,10,200,AHC,VAE,25_percent,VAE__25_percent,0.47093738853766398,6,rsg|2|10|200
rsg,2,10,200,AHC,VAE,50_percent,VAE__50_percent,0.33372350172326387,6,rsg|2|10|200
rsg,2,10,200,AHC,VAE,k_minus_1,VAE__k_minus_1,0.60474638667815672,6,rsg|2|10|200
rsg,2,10,200,GMM,Isomap,25_percent,Isomap__25_percent,0.94561278007563054,6,rsg|2|10|200
rsg,2,10,200,GMM,Isomap,50_percent,Isomap__50_percent,0.9642712912231165,6,rsg|2|10|200
rsg,2,10,200,GMM,Isomap,k_minus_1,Isomap__k_minus_1,0.93695516164104686,6,rsg|2|10|200
rsg,2,10,200,GMM,KernelPCA,25_percent,KernelPCA__25_percent,0.77751598712232584,6,rsg|2|10|200
rsg,2,10,200,GMM,KernelPCA,50_percent,KernelPCA__50_percent,0.92917763318679203,6,rsg|2|10|200
rsg,2,10,200,GMM,KernelPCA,k_minus_1,KernelPCA__k_minus_1,0.73390524468953411,6,rsg|2|10|200
rsg,2,10,200,GMM,MDS,25_percent,MDS__25_percent,0.77248045907877216,6,rsg|2|10|200
rsg,2,10,200,GMM,MDS,50_percent,MDS__50_percent,0.97676662437706441,6,rsg|2|10|200
rsg,2,10,200,GMM,MDS,k_minus_1,MDS__k_minus_1,0.69275269838465414,6,rsg|2|10|200
rsg,2,10,200,GMM,None,original,None__original,1,6,rsg|2|10|200
rsg,2,10,200,GMM,PCA,25_percent,PCA__25_percent,0.81746960426603021,6,rsg|2|10|200
rsg,2,10,200,GMM,PCA,50_percent,PCA__50_percent,1,6,rsg|2|10|200
rsg,2,10,200,GMM,PCA,k_minus_1,PCA__k_minus_1,0.74115277940679147,6,rsg|2|10|200
rsg,2,10,200,GMM,VAE,25_percent,VAE__25_percent,0.83633311872006866,6,rsg|2|10|200
rsg,2,10,200,GMM,VAE,50_percent,VAE__50_percent,0.90596271560552266,6,rsg|2|10|200
rsg,2,10,200,GMM,VAE,k_minus_1,VAE__k_minus_1,0.6779176820297268,6,rsg|2|10|200
rsg,2,10,200,KMeans,Isomap,25_percent,Isomap__25_percent,0.94574677340899094,6,rsg|2|10|200
rsg,2,10,200,KMeans,Isomap,50_percent,Isomap__50_percent,0.94574677340899094,6,rsg|2|10|200
rsg,2,10,200,KMeans,Isomap,k_minus_1,Isomap__k_minus_1,0.93991904975529383,6,rsg|2|10|200
rsg,2,10,200,KMeans,KernelPCA,25_percent,KernelPCA__25_percent,0.72131746325400992,6,rsg|2|10|200
rsg,2,10,200,KMeans,KernelPCA,50_percent,KernelPCA__50_percent,0.72343127720875733,6,rsg|2|10|200
rsg,2,10,200,KMeans,KernelPCA,k_minus_1,KernelPCA__k_minus_1,0.72215613008352142,6,rsg|2|10|200
rsg,2,10,200,KMeans,MDS,25_percent,MDS__25_percent,0.66709762713014864,6,rsg|2|10|200
rsg,2,10,200,KMeans,MDS,50_percent,MDS__50_percent,0.6129381797712351,6,rsg|2|10|200
rsg,2,10,200,KMeans,MDS,k_minus_1,MDS__k_minus_1,0.68090947812533942,6,rsg|2|10|200
rsg,2,10,200,KMeans,None,original,None__original,0.61396947692323467,6,rsg|2|10|200
rsg,2,10,200,KMeans,PCA,25_percent,PCA__25_percent,0.57805110653131853,6,rsg|2|10|200
rsg,2,10,200,KMeans,PCA,50_percent,PCA__50_percent,0.60520753965950991,6,rsg|2|10|200
rsg,2,10,200,KMeans,PCA,k_minus_1,PCA__k_minus_1,0.57702736805112298,6,rsg|2|10|200
rsg,2,10,200,KMeans,VAE,25_percent,VAE__25_percent,0.68164835767332621,6,rsg|2|10|200
rsg,2,10,200,KMeans,VAE,50_percent,VAE__50_percent,0.64752956050105859,6,rsg|2|10|200
rsg,2,10,200,KMeans,VAE,k_minus_1,VAE__k_minus_1,0.62205012305113572,6,rsg|2|10|200
rsg,2,10,200,OPTICS,Isomap,25_percent,Isomap__25_percent,0.94187569715042929,6,rsg|2|10|200
rsg,2,10,200,OPTICS,Isomap,50_percent,Isomap__50_percent,0.91930289300174961,6,rsg|2|10|200
rsg,2,10,200,OPTICS,Isomap,k_minus_1,Isomap__k_minus_1,0.91043385271710087,6,rsg|2|10|200
rsg,2,10,200,OPTICS,KernelPCA,25_percent,KernelPCA__25_percent,0.61877720265643255,6,rsg|2|10|200
rsg,2,10,200,OPTICS,KernelPCA,50_percent,KernelPCA__50_percent,0.51160505924232069,6,rsg|2|10|200
rsg,2,10,200,OPTICS,KernelPCA,k_minus_1,KernelPCA__k_minus_1,0.63865507815762423,6,rsg|2|10|200
rsg,2,10,200,OPTICS,MDS,25_percent,MDS__25_percent,0.70740008134452292,6,rsg|2|10|200
rsg,2,10,200,OPTICS,MDS,50_percent,MDS__50_percent,0.61961986118426815,6,rsg|2|10|200
rsg,2,10,200,OPTICS,MDS,k_minus_1,MDS__k_minus_1,0.70383425706611302,6,rsg|2|10|200
rsg,2,10,200,OPTICS,None,original,None__original,0.44789573643038966,6,rsg|2|10|200
rsg,2,10,200,OPTICS,PCA,25_percent,PCA__25_percent,0.61059503221657485,6,rsg|2|10|200
rsg,2,10,200,OPTICS,PCA,50_percent,PCA__50_percent,0.6586413356483517,6,rsg|2|10|200
rsg,2,10,200,OPTICS,PCA,k_minus_1,PCA__k_minus_1,0.55263836023589707,6,rsg|2|10|200
rsg,2,10,200,OPTICS,VAE,25_percent,VAE__25_percent,0.57967266926077343,6,rsg|2|10|200
rsg,2,10,200,OPTICS,VAE,50_percent,VAE__50_percent,0.56870267242289918,6,rsg|2|10|200
rsg,2,10,200,OPTICS,VAE,k_minus_1,VAE__k_minus_1,0.55305477305050188,6,rsg|2|10|200
rsg,2,50,10,AHC,Isomap,25_percent,Isomap__25_percent,0.30667041936391753,10,rsg|2|50|10
rsg,2,50,10,AHC,Isomap,50_percent,Isomap__50_percent,0.30667041936391753,10,rsg|2|50|10
rsg,2,50,10,AHC,Isomap,k_minus_1,Isomap__k_minus_1,0.26549394877568211,10,rsg|2|50|10
rsg,2,50,10,AHC,KernelPCA,25_percent,KernelPCA__25_percent,0.58252727356742873,10,rsg|2|50|10
rsg,2,50,10,AHC,KernelPCA,50_percent,KernelPCA__50_percent,0.58252727356742873,10,rsg|2|50|10
rsg,2,50,10,AHC,KernelPCA,k_minus_1,KernelPCA__k_minus_1,0.58252727356742873,10,rsg|2|50|10
rsg,2,50,10,AHC,MDS,25_percent,MDS__25_percent,0.51913875598086112,10,rsg|2|50|10
rsg,2,50,10,AHC,MDS,50_percent,MDS__50_percent,0.51913875598086112,10,rsg|2|50|10
rsg,2,50,10,AHC,MDS,k_minus_1,MDS__k_minus_1,0.88911325724319568,10,rsg|2|50|10
rsg,2,50,10,AHC,None,original,None__original,0.51913875598086112,10,rsg|2|50|10
rsg,2,50,10,AHC,PCA,25_percent,PCA__25_percent,0.51913875598086112,10,rsg|2|50|10
rsg,2,50,10,AHC,PCA,50_percent,PCA__50_percent,0.51913875598086112,10,rsg|2|50|10
rsg,2,50,10,AHC,PCA,k_minus_1,PCA__k_minus_1,0.70825201322405684,10,rsg|2|50|10
rsg,2,50,10,AHC,VAE,25_percent,VAE__25_percent,0.76338851758656756,10,rsg|2|50|10
rsg,2,50,10,AHC,VAE,50_percent,VAE__50_percent,0.76338851758656756,10,rsg|2|50|10
rsg,2,50,10,AHC,VAE,k_minus_1,VAE__k_minus_1,0.53467828322502309,10,rsg|2|50|10
rsg,2,50,10,GMM,Isomap,25_percent,Isomap__25_percent,0.81940298507462683,10,rsg|2|50|10
rsg,2,50,10,GMM,Isomap,50_percent,Isomap__50_percent,0.81940298507462683,10,rsg|2|50|10
rsg,2,50,10,GMM,Isomap,k_minus_1,Isomap__k_minus_1,0.038277511961722362,10,rsg|2|50|10
rsg,2,50,10,GMM,KernelPCA,25_percent,KernelPCA__25_percent,0.78111325724319569,10,rsg|2|50|10
rsg,2,50,10,GMM,KernelPCA,50_percent,KernelPCA__50_percent,0.78111325724319569,10,rsg|2|50|10
rsg,2,50,10,GMM,KernelPCA,k_minus_1,KernelPCA__k_minus_1,0.58753166338305629,10,rsg|2|50|10
rsg,2,50,10,GMM,MDS,25_percent,MDS__25_percent,0.88770149253731334,10,rsg|2|50|10
rsg,2,50,10,GMM,MDS,50_percent,MDS__50_percent,0.88770149253731334,10,rsg|2|50|10
rsg,2,50,10,GMM,MDS,k_minus_1,MDS__k_minus_1,0.42175626231353791,10,rsg|2|50|10
rsg,2,50,10,GMM,None,original,None__original,0.57796228539262573,10,rsg|2|50|10
rsg,2,50,10,GMM,PCA,25_percent,PCA__25_percent,0.88770149253731334,10,rsg|2|50|10
rsg,2,50,10,GMM,PCA,50_percent,PCA__50_percent,0.88770149253731334,10,rsg|2|50|10
rsg,2,50,10,GMM,PCA,k_minus_1,PCA__k_minus_1,0.086828032648465822,10,rsg|2|50|10
rsg,2,50,10,GMM,VAE,25_percent,VAE__25_percent,0.83397014925373125,10,rsg|2|50|10
rsg,2,50,10,GMM,VAE,50_percent,VAE__50_percent,0.83397014925373125,10,rsg|2|50|10
rsg,2,50,10,GMM,VAE,k_minus_1,VAE__k_minus_1,0.15811989867717408,10,rsg|2|50|10
rsg,2,50,10,KMeans,Isomap,25_percent,Isomap__25_percent,0.63766377792993922,10,rsg|2|50|10
rsg,2,50,10,KMeans,Isomap,50_percent,Isomap__50_percent,0.63766377792993922,10,rsg|2|50|10
rsg,2,50,10,KMeans,Isomap,k_minus_1,Isomap__k_minus_1,0.60737405009850798,10,rsg|2|50|10
rsg,2,50,10,KMeans,KernelPCA,25_percent,KernelPCA__25_percent,0.91940298507462681,10,rsg|2|50|10
rsg,2,50,10,KMeans,KernelPCA,50_percent,KernelPCA__50_percent,0.91940298507462681,10,rsg|2|50|10
rsg,2,50,10,KMeans,KernelPCA,k_minus_1,KernelPCA__k_minus_1,0.77717295873573311,10,rsg|2|50|10
rsg,2,50,10,KMeans,MDS,25_percent,MDS__25_percent,0.74855052068674344,10,rsg|2|50|10
rsg,2,50,10,KMeans,MDS,50_percent,MDS__50_percent,0.74855052068674344,10,rsg|2|50|10
rsg,2,50,10,KMeans,MDS,k_minus_1,MDS__k_minus_1,0.84881474978050908,10,rsg|2|50|10
rsg,2,50,10,KMeans,None,original,None__original,0.74855052068674344,10,rsg|2|50|10
rsg,2,50,10,KMeans,PCA,25_percent,PCA__25_percent,0.74855052068674344,10,rsg|2|50|10
rsg,2,50,10,KMeans,PCA,50_percent,PCA__50_percent,0.74855052068674344,10,rsg|2|50|10
rsg,2,50,10,KMeans,PCA,k_minus_1,PCA__k_minus_1,0.70825201322405684,10,rsg|2|50|10
rsg,2,50,10,KMeans,VAE,25_percent,VAE__25_percent,0.72309001012388108,10,rsg|2|50|10
rsg,2,50,10,KMeans,VAE,50_percent,VAE__50_percent,0.72309001012388108,10,rsg|2|50|10
rsg,2,50,10,KMeans,VAE,k_minus_1,VAE__k_minus_1,0.65452066994047475,10,rsg|2|50|10
rsg,2,50,10,OPTICS,Isomap,25_percent,Isomap__25_percent,0,10,rsg|2|50|10
rsg,2,50,10,OPTICS,Isomap,50_percent,Isomap__50_percent,0,10,rsg|2|50|10
rsg,2,50,10,OPTICS,Isomap,k_minus_1,Isomap__k_minus_1,0,10,rsg|2|50|10
rsg,2,50,10,OPTICS,KernelPCA,25_percent,KernelPCA__25_percent,0,10,rsg|2|50|10
rsg,2,50,10,OPTICS,KernelPCA,50_percent,KernelPCA__50_percent,0,10,rsg|2|50|10
rsg,2,50,10,OPTICS,KernelPCA,k_minus_1,KernelPCA__k_minus_1,0,10,rsg|2|50|10
rsg,2,50,10,OPTICS,MDS,25_percent,MDS__25_percent,0,10,rsg|2|50|10
rsg,2,50,10,OPTICS,MDS,50_percent,MDS__50_percent,0,10,rsg|2|50|10
rsg,2,50,10,OPTICS,MDS,k_minus_1,MDS__k_minus_1,0,10,rsg|2|50|10
rsg,2,50,10,OPTICS,None,original,None__original,0,10,rsg|2|50|10
rsg,2,50,10,OPTICS,PCA,25_percent,PCA__25_percent,0,10,rsg|2|50|10
rsg,2,50,10,OPTICS,PCA,50_percent,PCA__50_percent,0,10,rsg|2|50|10
rsg,2,50,10,OPTICS,PCA,k_minus_1,PCA__k_minus_1,0,10,rsg|2|50|10
rsg,2,50,10,OPTICS,VAE,25_percent,VAE__25_percent,0,10,rsg|2|50|10
rsg,2,50,10,OPTICS,VAE,50_percent,VAE__50_percent,0,10,rsg|2|50|10
rsg,2,50,10,OPTICS,VAE,k_minus_1,VAE__k_minus_1,0,10,rsg|2|50|10
rsg,2,50,100,AHC,Isomap,25_percent,Isomap__25_percent,0.90000000000000002,10,rsg|2|50|100
rsg,2,50,100,AHC,Isomap,50_percent,Isomap__50_percent,0.90000000000000002,10,rsg|2|50|100
rsg,2,50,100,AHC,Isomap,k_minus_1,Isomap__k_minus_1,1,10,rsg|2|50|100
rsg,2,50,100,AHC,KernelPCA,25_percent,KernelPCA__25_percent,0.99599960816486455,10,rsg|2|50|100
rsg,2,50,100,AHC,KernelPCA,50_percent,KernelPCA__50_percent,0.50016174424999182,10,rsg|2|50|100
rsg,2,50,100,AHC,KernelPCA,k_minus_1,KernelPCA__k_minus_1,0.83362148557044013,10,rsg|2|50|100
rsg,2,50,100,AHC,MDS,25_percent,MDS__25_percent,0.0012148896880163,10,rsg|2|50|100
rsg,2,50,100,AHC,MDS,50_percent,MDS__50_percent,0.0012148896880163,10,rsg|2|50|100
rsg,2,50,100,AHC,MDS,k_minus_1,MDS__k_minus_1,0.23442961078583488,10,rsg|2|50|100
rsg,2,50,100,AHC,None,original,None__original,0.00048560190355938996,10,rsg|2|50|100
rsg,2,50,100,AHC,PCA,25_percent,PCA__25_percent,0.0012148896880163,10,rsg|2|50|100
rsg,2,50,100,AHC,PCA,50_percent,PCA__50_percent,0.0012148896880163,10,rsg|2|50|100
rsg,2,50,100,AHC,PCA,k_minus_1,PCA__k_minus_1,0.16713974578152854,10,rsg|2|50|100
rsg,2,50,100,AHC,VAE,25_percent,VAE__25_percent,0.27386129005511639,10,rsg|2|50|100
rsg,2,50,100,AHC,VAE,50_percent,VAE__50_percent,0.20016174424999181,10,rsg|2|50|100
rsg,2,50,100,AHC,VAE,k_minus_1,VAE__k_minus_1,0.24902499956713547,10,rsg|2|50|100
rsg,2,50,100,GMM,Isomap,25_percent,Isomap__25_percent,1,10,rsg|2|50|100
rsg,2,50,100,GMM,Isomap,50_percent,Isomap__50_percent,1,10,rsg|2|50|100
rsg,2,50,100,GMM,Isomap,k_minus_1,Isomap__k_minus_1,1,10,rsg|2|50|100
rsg,2,50,100,GMM,KernelPCA,25_percent,KernelPCA__25_percent,1,10,rsg|2|50|100
rsg,2,50,100,GMM,KernelPCA,50_percent,KernelPCA__50_percent,0.95850901515972797,10,rsg|2|50|100
rsg,2,50,100,GMM,KernelPCA,k_minus_1,KernelPCA__k_minus_1,0.92820861959632117,10,rsg|2|50|100
rsg,2,50,100,GMM,MDS,25_percent,MDS__25_percent,1,10,rsg|2|50|100
rsg,2,50,100,GMM,MDS,50_percent,MDS__50_percent,1,10,rsg|2|50|100
rsg,2,50,100,GMM,MDS,k_minus_1,MDS__k_minus_1,0.31552099003172651,10,rsg|2|50|100
rsg,2,50,100,GMM,None,original,None__original,1,10,rsg|2|50|100
rsg,2,50,100,GMM,PCA,25_percent,PCA__25_percent,1,10,rsg|2|50|100
rsg,2,50,100,GMM,PCA,50_percent,PCA__50_percent,1,10,rsg|2|50|100
rsg,2,50,100,GMM,PCA,k_minus_1,PCA__k_minus_1,0.54520695803052355,10,rsg|2|50|100
rsg,2,50,100,GMM,VAE,25_percent,VAE__25_percent,0.96440074742235393,10,rsg|2|50|100
rsg,2,50,100,GMM,VAE,50_percent,VAE__50_percent,0.8854764344827879,10,rsg|2|50|100
rsg,2,50,100,GMM,VAE,k_minus_1,VAE__k_minus_1,0.62912463685154896,10,rsg|2|50|100
rsg,2,50,100,KMeans,Isomap,25_percent,Isomap__25_percent,1,10,rsg|2|50|100
rsg,2,50,100,KMeans,Isomap,50_percent,Isomap__50_percent,1,10,rsg|2|50|100
rsg,2,50,100,KMeans,Isomap,k_minus_1,Isomap__k_minus_1,1,10,rsg|2|50|100
rsg,2,50,100,KMeans,KernelPCA,25_percent,KernelPCA__25_percent,0.94738706962426844,10,rsg|2|50|100
rsg,2,50,100,KMeans,KernelPCA,50_percent,KernelPCA__50_percent,0.94738706962426844,10,rsg|2|50|100
rsg,2,50,100,KMeans,KernelPCA,k_minus_1,KernelPCA__k_minus_1,0.92819515043234924,10,rsg|2|50|100
rsg,2,50,100,KMeans,MDS,25_percent,MDS__25_percent,0.38312141051175036,10,rsg|2|50|100
rsg,2,50,100,KMeans,MDS,50_percent,MDS__50_percent,0.38312141051175036,10,rsg|2|50|100
rsg,2,50,100,KMeans,MDS,k_minus_1,MDS__k_minus_1,0.46320795268090259,10,rsg|2|50|100
rsg,2,50,100,KMeans,None,original,None__original,0.38312141051175036,10,rsg|2|50|100
rsg,2,50,100,KMeans,PCA,25_percent,PCA__25_percent,0.38312141051175036,10,rsg|2|50|100
rsg,2,50,100,KMeans,PCA,50_percent,PCA__50_percent,0.38312141051175036,10,rsg|2|50|100
rsg,2,50,100,KMeans,PCA,k_minus_1,PCA__k_minus_1,0.2565462595095212,10,rsg|2|50|100
rsg,2,50,100,KMeans,VAE,25_percent,VAE__25_percent,0.90517907782563589,10,rsg|2|50|100
rsg,2,50,100,KMeans,VAE,50_percent,VAE__50_percent,0.86539346308490828,10,rsg|2|50|100
rsg,2,50,100,KMeans,VAE,k_minus_1,VAE__k_minus_1,0.67191357686319175,10,rsg|2|50|100
rsg,2,50,100,OPTICS,Isomap,25_percent,Isomap__25_percent,0.77648349490745472,10,rsg|2|50|100
rsg,2,50,100,OPTICS,Isomap,50_percent,Isomap__50_percent,0.79121910414593244,10,rsg|2|50|100
rsg,2,50,100,OPTICS,Isomap,k_minus_1,Isomap__k_minus_1,0.98824165642894746,10,rsg|2|50|100
rsg,2,50,100,OPTICS,KernelPCA,25_percent,KernelPCA__25_percent,0.96626696689564506,10,rsg|2|50|100
rsg,2,50,100,OPTICS,KernelPCA,50_percent,KernelPCA__50_percent,0.89536140036293976,10,rsg|2|50|100
rsg,2,50,100,OPTICS,KernelPCA,k_minus_1,KernelPCA__k_minus_1,0.7744402244946057,10,rsg|2|50|100
rsg,2,50,100,OPTICS,MDS,25_percent,MDS__25_percent,0.81947165122054832,10,rsg|2|50|100
rsg,2,50,100,OPTICS,MDS,50_percent,MDS__50_percent,0.81947165122054832,10,rsg|2|50|100
rsg,2,50,100,OPTICS,MDS,k_minus_1,MDS__k_minus_1,0.42443618460547405,10,rsg|2|50|100
rsg,2,50,100,OPTICS,None,original,None__original,0.81947165122054832,10,rsg|2|50|100
rsg,2,50,100,OPTICS,PCA,25_percent,PCA__25_percent,0.81947165122054832,10,rsg|2|50|100
rsg,2,50,100,OPTICS,PCA,50_percent,PCA__50_percent,0.81947165122054832,10,rsg|2|50|100
rsg,2,50,100,OPTICS,PCA,k_minus_1,PCA__k_minus_1,0.25834208782523599,10,rsg|2|50|100
rsg,2,50,100,OPTICS,VAE,25_percent,VAE__25_percent,0.6425672250859632,10,rsg|2|50|100
rsg,2,50,100,OPTICS,VAE,50_percent,VAE__50_percent,0.71120459143569514,10,rsg|2|50|100
rsg,2,50,100,OPTICS,VAE,k_minus_1,VAE__k_minus_1,0.5711758194071993,10,rsg|2|50|100
rsg,2,50,200,AHC,Isomap,25_percent,Isomap__25_percent,0.8000201045032076,10,rsg|2|50|200
rsg,2,50,200,AHC,Isomap,50_percent,Isomap__50_percent,0.8000201045032076,10,rsg|2|50|200
rsg,2,50,200,AHC,Isomap,k_minus_1,Isomap__k_minus_1,1,10,rsg|2|50|200
rsg,2,50,200,AHC,KernelPCA,25_percent,KernelPCA__25_percent,0.99201990905053883,10,rsg|2|50|200
rsg,2,50,200,AHC,KernelPCA,50_percent,KernelPCA__50_percent,1,10,rsg|2|50|200
rsg,2,50,200,AHC,KernelPCA,k_minus_1,KernelPCA__k_minus_1,0.92141520242251995,10,rsg|2|50|200
rsg,2,50,200,AHC,MDS,25_percent,MDS__25_percent,0.00014075505096099002,10,rsg|2|50|200
rsg,2,50,200,AHC,MDS,50_percent,MDS__50_percent,0.00014075505096099002,10,rsg|2|50|200
rsg,2,50,200,AHC,MDS,k_minus_1,MDS__k_minus_1,0.1843212201615998,10,rsg|2|50|200
rsg,2,50,200,AHC,None,original,None__original,0.00014075505096099002,10,rsg|2|50|200
rsg,2,50,200,AHC,PCA,25_percent,PCA__25_percent,0.00014075505096099002,10,rsg|2|50|200
rsg,2,50,200,AHC,PCA,50_percent,PCA__50_percent,0.00014075505096099002,10,rsg|2|50|200
rsg,2,50,200,AHC,PCA,k_minus_1,PCA__k_minus_1,0.11482436118877468,10,rsg|2|50|200
rsg,2,50,200,AHC,VAE,25_percent,VAE__25_percent,4.020900641518e-05,10,rsg|2|50|200
rsg,2,50,200,AHC,VAE,50_percent,VAE__50_percent,0.20012065054775344,10,rsg|2|50|200
rsg,2,50,200,AHC,VAE,k_minus_1,VAE__k_minus_1,0.49799995050507551,10,rsg|2|50|200
rsg,2,50,200,GMM,Isomap,25_percent,Isomap__25_percent,1,10,rsg|2|50|200
rsg,2,50,200,GMM,Isomap,50_percent,Isomap__50_percent,1,10,rsg|2|50|200
rsg,2,50,200,GMM,Isomap,k_minus_1,Isomap__k_minus_1,1,10,rsg|2|50|200
rsg,2,50,200,GMM,KernelPCA,25_percent,KernelPCA__25_percent,1,10,rsg|2|50|200
rsg,2,50,200,GMM,KernelPCA,50_percent,KernelPCA__50_percent,1,10,rsg|2|50|200
rsg,2,50,200,GMM,KernelPCA,k_minus_1,KernelPCA__k_minus_1,0.9546560736715366,10,rsg|2|50|200
rsg,2,50,200,GMM,MDS,25_percent,MDS__25_percent,1,10,rsg|2|50|200
rsg,2,50,200,GMM,MDS,50_percent,MDS__50_percent,1,10,rsg|2|50|200
rsg,2,50,200,GMM,MDS,k_minus_1,MDS__k_minus_1,0.57745596330703186,10,rsg|2|50|200
rsg,2,50,200,GMM,None,original,None__original,1,10,rsg|2|50|200
rsg,2,50,200,GMM,PCA,25_percent,PCA__25_percent,1,10,rsg|2|50|200
rsg,2,50,200,GMM,PCA,50_percent,PCA__50_percent,1,10,rsg|2|50|200
rsg,2,50,200,GMM,PCA,k_minus_1,PCA__k_minus_1,0.37949439764556109,10,rsg|2|50|200
rsg,2,50,200,GMM,VAE,25_percent,VAE__25_percent,1,10,rsg|2|50|200
rsg,2,50,200,GMM,VAE,50_percent,VAE__50_percent,0.99399985151522652,10,rsg|2|50|200
rsg,2,50,200,GMM,VAE,k_minus_1,VAE__k_minus_1,0.74955434136467081,10,rsg|2|50|200
rsg,2,50,200,KMeans,Isomap,25_percent,Isomap__25_percent,1,10,rsg|2|50|200
rsg,2,50,200,KMeans,Isomap,50_percent,Isomap__50_percent,1,10,rsg|2|50|200
rsg,2,50,200,KMeans,Isomap,k_minus_1,Isomap__k_minus_1,1,10,rsg|2|50|200
rsg,2,50,200,KMeans,KernelPCA,25_percent,KernelPCA__25_percent,0.99006007952449104,10,rsg|2|50|200
rsg,2,50,200,KMeans,KernelPCA,50_percent,KernelPCA__50_percent,0.99206012901941543,10,rsg|2|50|200
rsg,2,50,200,KMeans,KernelPCA,k_minus_1,KernelPCA__k_minus_1,0.94401071264471581,10,rsg|2|50|200
rsg,2,50,200,KMeans,MDS,25_percent,MDS__25_percent,0.59873990890129458,10,rsg|2|50|200
rsg,2,50,200,KMeans,MDS,50_percent,MDS__50_percent,0.59873990890129458,10,rsg|2|50|200
rsg,2,50,200,KMeans,MDS,k_minus_1,MDS__k_minus_1,0.58025712896938797,10,rsg|2|50|200
rsg,2,50,200,KMeans,None,original,None__original,0.59873990890129458,10,rsg|2|50|200
rsg,2,50,200,KMeans,PCA,25_percent,PCA__25_percent,0.59873990890129458,10,rsg|2|50|200
rsg,2,50,200,KMeans,PCA,50_percent,PCA__50_percent,0.59873990890129458,10,rsg|2|50|200
rsg,2,50,200,KMeans,PCA,k_minus_1,PCA__k_minus_1,0.31550829721032386,10,rsg|2|50|200
rsg,2,50,200,KMeans,VAE,25_percent,VAE__25_percent,0.99599990101015101,10,rsg|2|50|200
rsg,2,50,200,KMeans,VAE,50_percent,VAE__50_percent,0.99001985151522653,10,rsg|2|50|200
rsg,2,50,200,KMeans,VAE,k_minus_1,VAE__k_minus_1,0.77062041937340187,10,rsg|2|50|200
rsg,2,50,200,OPTICS,Isomap,25_percent,Isomap__25_percent,0.78224355463713746,10,rsg|2|50|200
rsg,2,50,200,OPTICS,Isomap,50_percent,Isomap__50_percent,0.3381096091232994,10,rsg|2|50|200
rsg,2,50,200,OPTICS,Isomap,k_minus_1,Isomap__k_minus_1,1,10,rsg|2|50|200
rsg,2,50,200,OPTICS,KernelPCA,25_percent,KernelPCA__25_percent,0.41692877158471298,10,rsg|2|50|200
rsg,2,50,200,OPTICS,KernelPCA,50_percent,KernelPCA__50_percent,0.84617983953995446,10,rsg|2|50|200
rsg,2,50,200,OPTICS,KernelPCA,k_minus_1,KernelPCA__k_minus_1,0.83127925437593808,10,rsg|2|50|200
rsg,2,50,200,OPTICS,MDS,25_percent,MDS__25_percent,0.73485185010340781,10,rsg|2|50|200
rsg,2,50,200,OPTICS,MDS,50_percent,MDS__50_percent,0.73485185010340781,10,rsg|2|50|200
rsg,2,50,200,OPTICS,MDS,k_minus_1,MDS__k_minus_1,0.55184340733032755,10,rsg|2|50|200
rsg,2,50,200,OPTICS,None,original,None__original,0.73485185010340781,10,rsg|2|50|200
rsg,2,50,200,OPTICS,PCA,25_percent,PCA__25_percent,0.73485185010340781,10,rsg|2|50|200
rsg,2,50,200,OPTICS,PCA,50_percent,PCA__50_percent,0.73485185010340781,10,rsg|2|50|200
rsg,2,50,200,OPTICS,PCA,k_minus_1,PCA__k_minus_1,0.24974648537400465,10,rsg|2|50|200
rsg,2,50,200,OPTICS,VAE,25_percent,VAE__25_percent,0.80665138086927946,10,rsg|2|50|200
rsg,2,50,200,OPTICS,VAE,50_percent,VAE__50_percent,0.81716195131601665,10,rsg|2|50|200
rsg,2,50,200,OPTICS,VAE,k_minus_1,VAE__k_minus_1,0.622663439061234,10,rsg|2|50|200
rsg,2,200,10,AHC,Isomap,25_percent,Isomap__25_percent,0.25741626794258354,10,rsg|2|200|10
rsg,2,200,10,AHC,Isomap,50_percent,Isomap__50_percent,0.25741626794258354,10,rsg|2|200|10
rsg,2,200,10,AHC,Isomap,k_minus_1,Isomap__k_minus_1,0.36768927666760465,10,rsg|2|200|10
rsg,2,200,10,AHC,KernelPCA,25_percent,KernelPCA__25_percent,0.49797900449903576,10,rsg|2|200|10
rsg,2,200,10,AHC,KernelPCA,50_percent,KernelPCA__50_percent,0.49797900449903576,10,rsg|2|200|10
rsg,2,200,10,AHC,KernelPCA,k_minus_1,KernelPCA__k_minus_1,0.4171177604798969,10,rsg|2|200|10
rsg,2,200,10,AHC,MDS,25_percent,MDS__25_percent,0.318525021949078,10,rsg|2|200|10
rsg,2,200,10,AHC,MDS,50_percent,MDS__50_percent,0.318525021949078,10,rsg|2|200|10
rsg,2,200,10,AHC,MDS,k_minus_1,MDS__k_minus_1,0.90956937799043058,10,rsg|2|200|10
rsg,2,200,10,AHC,None,original,None__original,0.318525021949078,10,rsg|2|200|10
rsg,2,200,10,AHC,PCA,25_percent,PCA__25_percent,0.318525021949078,10,rsg|2|200|10
rsg,2,200,10,AHC,PCA,50_percent,PCA__50_percent,0.318525021949078,10,rsg|2|200|10
rsg,2,200,10,AHC,PCA,k_minus_1,PCA__k_minus_1,0.48840962650860514,10,rsg|2|200|10
rsg,2,200,10,AHC,VAE,25_percent,VAE__25_percent,0.50465278448735762,10,rsg|2|200|10
rsg,2,200,10,AHC,VAE,50_percent,VAE__50_percent,0.50465278448735762,10,rsg|2|200|10
rsg,2,200,10,AHC,VAE,k_minus_1,VAE__k_minus_1,0.4695228837518009,10,rsg|2|200|10
rsg,2,200,10,GMM,Isomap,25_percent,Isomap__25_percent,0.85170149253731342,10,rsg|2|200|10
rsg,2,200,10,GMM,Isomap,50_percent,Isomap__50_percent,0.85170149253731342,10,rsg|2|200|10
rsg,2,200,10,GMM,Isomap,k_minus_1,Isomap__k_minus_1,0.17884024851817459,10,rsg|2|200|10
rsg,2,200,10,GMM,KernelPCA,25_percent,KernelPCA__25_percent,0.7351044776119402,10,rsg|2|200|10
rsg,2,200,10,GMM,KernelPCA,50_percent,KernelPCA__50_percent,0.7351044776119402,10,rsg|2|200|10
rsg,2,200,10,GMM,KernelPCA,k_minus_1,KernelPCA__k_minus_1,0.29710104137348692,10,rsg|2|200|10
rsg,2,200,10,GMM,MDS,25_percent,MDS__25_percent,0.87910447761194033,10,rsg|2|200|10
rsg,2,200,10,GMM,MDS,50_percent,MDS__50_percent,0.87910447761194033,10,rsg|2|200|10
rsg,2,200,10,GMM,MDS,k_minus_1,MDS__k_minus_1,0.40956937799043053,10,rsg|2|200|10
rsg,2,200,10,GMM,None,original,None__original,0.20000000000000001,10,rsg|2|200|10
rsg,2,200,10,GMM,PCA,25_percent,PCA__25_percent,0.87910447761194033,10,rsg|2|200|10
rsg,2,200,10,GMM,PCA,50_percent,PCA__50_percent,0.87910447761194033,10,rsg|2|200|10
rsg,2,200,10,GMM,PCA,k_minus_1,PCA__k_minus_1,0.28840962650860519,10,rsg|2|200|10
rsg,2,200,10,GMM,VAE,25_percent,VAE__25_percent,0.7547848990342404,10,rsg|2|200|10
rsg,2,200,10,GMM,VAE,50_percent,VAE__50_percent,0.7547848990342404,10,rsg|2|200|10
rsg,2,200,10,GMM,VAE,k_minus_1,VAE__k_minus_1,0.43766377792993916,10,rsg|2|200|10
rsg,2,200,10,KMeans,Isomap,25_percent,Isomap__25_percent,0.4590755426358214,10,rsg|2|200|10
rsg,2,200,10,KMeans,Isomap,50_percent,Isomap__50_percent,0.4590755426358214,10,rsg|2|200|10
rsg,2,200,10,KMeans,Isomap,k_minus_1,Isomap__k_minus_1,0.44135080297919338,10,rsg|2|200|10
rsg,2,200,10,KMeans,KernelPCA,25_percent,KernelPCA__25_percent,0.54661942188858659,10,rsg|2|200|10
rsg,2,200,10,KMeans,KernelPCA,50_percent,KernelPCA__50_percent,0.54661942188858659,10,rsg|2|200|10
rsg,2,200,10,KMeans,KernelPCA,k_minus_1,KernelPCA__k_minus_1,0.57752288375180094,10,rsg|2|200|10
rsg,2,200,10,KMeans,MDS,25_percent,MDS__25_percent,0.56707554263582138,10,rsg|2|200|10
rsg,2,200,10,KMeans,MDS,50_percent,MDS__50_percent,0.56707554263582138,10,rsg|2|200|10
rsg,2,200,10,KMeans,MDS,k_minus_1,MDS__k_minus_1,0.92941176470588227,10,rsg|2|200|10
rsg,2,200,10,KMeans,None,original,None__original,0.56707554263582138,10,rsg|2|200|10
rsg,2,200,10,KMeans,PCA,25_percent,PCA__25_percent,0.56707554263582138,10,rsg|2|200|10
rsg,2,200,10,KMeans,PCA,50_percent,PCA__50_percent,0.56707554263582138,10,rsg|2|200|10
rsg,2,200,10,KMeans,PCA,k_minus_1,PCA__k_minus_1,0.46707554263582141,10,rsg|2|200|10
rsg,2,200,10,KMeans,VAE,25_percent,VAE__25_percent,0.5768103977719059,10,rsg|2|200|10
rsg,2,200,10,KMeans,VAE,50_percent,VAE__50_percent,0.5768103977719059,10,rsg|2|200|10
rsg,2,200,10,KMeans,VAE,k_minus_1,VAE__k_minus_1,0.60025201322405686,10,rsg|2|200|10
rsg,2,200,10,OPTICS,Isomap,25_percent,Isomap__25_percent,0,10,rsg|2|200|10
rsg,2,200,10,OPTICS,Isomap,50_percent,Isomap__50_percent,0,10,rsg|2|200|10
rsg,2,200,10,OPTICS,Isomap,k_minus_1,Isomap__k_minus_1,0,10,rsg|2|200|10
rsg,2,200,10,OPTICS,KernelPCA,25_percent,KernelPCA__25_percent,0,10,rsg|2|200|10
rsg,2,200,10,OPTICS,KernelPCA,50_percent,KernelPCA__50_percent,0,10,rsg|2|200|10
rsg,2,200,10,OPTICS,KernelPCA,k_minus_1,KernelPCA__k_minus_1,0,10,rsg|2|200|10
rsg,2,200,10,OPTICS,MDS,25_percent,MDS__25_percent,0,10,rsg|2|200|10
rsg,2,200,10,OPTICS,MDS,50_percent,MDS__50_percent,0,10,rsg|2|200|10
rsg,2,200,10,OPTICS,MDS,k_minus_1,MDS__k_minus_1,0,10,rsg|2|200|10
rsg,2,200,10,OPTICS,None,original,None__original,0,10,rsg|2|200|10
rsg,2,200,10,OPTICS,PCA,25_percent,PCA__25_percent,0,10,rsg|2|200|10
rsg,2,200,10,OPTICS,PCA,50_percent,PCA__50_percent,0,10,rsg|2|200|10
rsg,2,200,10,OPTICS,PCA,k_minus_1,PCA__k_minus_1,0,10,rsg|2|200|10
rsg,2,200,10,OPTICS,VAE,25_percent,VAE__25_percent,0,10,rsg|2|200|10
rsg,2,200,10,OPTICS,VAE,50_percent,VAE__50_percent,0,10,rsg|2|200|10
rsg,2,200,10,OPTICS,VAE,k_minus_1,VAE__k_minus_1,0,10,rsg|2|200|10
rsg,2,200,100,AHC,Isomap,25_percent,Isomap__25_percent,0.90000000000000002,10,rsg|2|200|100
rsg,2,200,100,AHC,Isomap,50_percent,Isomap__50_percent,0.90000000000000002,10,rsg|2|200|100
rsg,2,200,100,AHC,Isomap,k_minus_1,Isomap__k_minus_1,1,10,rsg|2|200|100
rsg,2,200,100,AHC,KernelPCA,25_percent,KernelPCA__25_percent,0.20024261637498766,10,rsg|2|200|100
rsg,2,200,100,AHC,KernelPCA,50_percent,KernelPCA__50_percent,0.20129576181301218,10,rsg|2|200|100
rsg,2,200,100,AHC,KernelPCA,k_minus_1,KernelPCA__k_minus_1,0.86390950254487131,10,rsg|2|200|100
rsg,2,200,100,AHC,MDS,25_percent,MDS__25_percent,0.00137663393800808,10,rsg|2|200|100
rsg,2,200,100,AHC,MDS,50_percent,MDS__50_percent,0.00137663393800808,10,rsg|2|200|100
rsg,2,200,100,AHC,MDS,k_minus_1,MDS__k_minus_1,0.32919687762862848,10,rsg|2|200|100
rsg,2,200,100,AHC,None,original,None__original,0.00137663393800808,10,rsg|2|200|100
rsg,2,200,100,AHC,PCA,25_percent,PCA__25_percent,0.00137663393800808,10,rsg|2|200|100
rsg,2,200,100,AHC,PCA,50_percent,PCA__50_percent,0.00137663393800808,10,rsg|2|200|100
rsg,2,200,100,AHC,PCA,k_minus_1,PCA__k_minus_1,0.053279732968130655,10,rsg|2|200|100
rsg,2,200,100,AHC,VAE,25_percent,VAE__25_percent,0.30016174424999181,10,rsg|2|200|100
rsg,2,200,100,AHC,VAE,50_percent,VAE__50_percent,0.00016174424999178001,10,rsg|2|200|100
rsg,2,200,100,AHC,VAE,k_minus_1,VAE__k_minus_1,0.46504903744531151,10,rsg|2|200|100
rsg,2,200,100,GMM,Isomap,25_percent,Isomap__25_percent,0.99599960816486455,10,rsg|2|200|100
rsg,2,200,100,GMM,Isomap,50_percent,Isomap__50_percent,0.99599960816486455,10,rsg|2|200|100
rsg,2,200,100,GMM,Isomap,k_minus_1,Isomap__k_minus_1,1,10,rsg|2|200|100
rsg,2,200,100,GMM,KernelPCA,25_percent,KernelPCA__25_percent,1,10,rsg|2|200|100
rsg,2,200,100,GMM,KernelPCA,50_percent,KernelPCA__50_percent,1,10,rsg|2|200|100
rsg,2,200,100,GMM,KernelPCA,k_minus_1,KernelPCA__k_minus_1,0.98015986677288713,10,rsg|2|200|100
rsg,2,200,100,GMM,MDS,25_percent,MDS__25_percent,0.94880427465462402,10,rsg|2|200|100
rsg,2,200,100,GMM,MDS,50_percent,MDS__50_percent,0.94880427465462402,10,rsg|2|200|100
rsg,2,200,100,GMM,MDS,k_minus_1,MDS__k_minus_1,0.51784126419544296,10,rsg|2|200|100
rsg,2,200,100,GMM,None,original,None__original,0.82686651830264213,10,rsg|2|200|100
rsg,2,200,100,GMM,PCA,25_percent,PCA__25_percent,0.94880427465462402,10,rsg|2|200|100
rsg,2,200,100,GMM,PCA,50_percent,PCA__50_percent,0.94880427465462402,10,rsg|2|200|100
rsg,2,200,100,GMM,PCA,k_minus_1,PCA__k_minus_1,0.59741890707978595,10,rsg|2|200|100
rsg,2,200,100,GMM,VAE,25_percent,VAE__25_percent,1,10,rsg|2|200|100
rsg,2,200,100,GMM,VAE,50_percent,VAE__50_percent,1,10,rsg|2|200|100
rsg,2,200,100,GMM,VAE,k_minus_1,VAE__k_minus_1,0.7354242867968156,10,rsg|2|200|100
rsg,2,200,100,KMeans,Isomap,25_percent,Isomap__25_percent,1,10,rsg|2|200|100
rsg,2,200,100,KMeans,Isomap,50_percent,Isomap__50_percent,1,10,rsg|2|200|100
rsg,2,200,100,KMeans,Isomap,k_minus_1,Isomap__k_minus_1,1,10,rsg|2|200|100
rsg,2,200,100,KMeans,KernelPCA,25_percent,KernelPCA__25_percent,0.99208012930401135,10,rsg|2|200|100
rsg,2,200,100,KMeans,KernelPCA,50_percent,KernelPCA__50_percent,0.99208012930401135,10,rsg|2|200|100
rsg,2,200,100,KMeans,KernelPCA,k_minus_1,KernelPCA__k_minus_1,0.93156079739626296,10,rsg|2|200|100
rsg,2,200,100,KMeans,MDS,25_percent,MDS__25_percent,0.56962133132338066,10,rsg|2|200|100
rsg,2,200,100,KMeans,MDS,50_percent,MDS__50_percent,0.56962133132338066,10,rsg|2|200|100
rsg,2,200,100,KMeans,MDS,k_minus_1,MDS__k_minus_1,0.55395793244185598,10,rsg|2|200|100
rsg,2,200,100,KMeans,None,original,None__original,0.56962133132338066,10,rsg|2|200|100
rsg,2,200,100,KMeans,PCA,25_percent,PCA__25_percent,0.56962133132338066,10,rsg|2|200|100
rsg,2,200,100,KMeans,PCA,50_percent,PCA__50_percent,0.56962133132338066,10,rsg|2|200|100
rsg,2,200,100,KMeans,PCA,k_minus_1,PCA__k_minus_1,0.23389448996736065,10,rsg|2|200|100
rsg,2,200,100,KMeans,VAE,25_percent,VAE__25_percent,1,10,rsg|2|200|100
rsg,2,200,100,KMeans,VAE,50_percent,VAE__50_percent,1,10,rsg|2|200|100
rsg,2,200,100,KMeans,VAE,k_minus_1,VAE__k_minus_1,0.66258948353242753,10,rsg|2|200|100
rsg,2,200,100,OPTICS,Isomap,25_percent,Isomap__25_percent,0.5612919675506709,10,rsg|2|200|100
rsg,2,200,100,OPTICS,Isomap,50_percent,Isomap__50_percent,0.55402083316400297,10,rsg|2|200|100
rsg,2,200,100,OPTICS,Isomap,k_minus_1,Isomap__k_minus_1,1,10,rsg|2|200|100
rsg,2,200,100,OPTICS,KernelPCA,25_percent,KernelPCA__25_percent,0.91454812200156632,10,rsg|2|200|100
rsg,2,200,100,OPTICS,KernelPCA,50_percent,KernelPCA__50_percent,0.70333879761467222,10,rsg|2|200|100
rsg,2,200,100,OPTICS,KernelPCA,k_minus_1,KernelPCA__k_minus_1,0.72943844082575826,10,rsg|2|200|100
rsg,2,200,100,OPTICS,MDS,25_percent,MDS__25_percent,0.9348305911071112,10,rsg|2|200|100
rsg,2,200,100,OPTICS,MDS,50_percent,MDS__50_percent,0.9348305911071112,10,rsg|2|200|100
rsg,2,200,100,OPTICS,MDS,k_minus_1,MDS__k_minus_1,0.58211846321027705,10,rsg|2|200|100
rsg,2,200,100,OPTICS,None,original,None__original,0.9348305911071112,10,rsg|2|200|100
rsg,2,200,100,OPTICS,PCA,25_percent,PCA__25_percent,0.9348305911071112,10,rsg|2|200|100
rsg,2,200,100,OPTICS,PCA,50_percent,PCA__50_percent,0.9348305911071112,10,rsg|2|200|100
rsg,2,200,100,OPTICS,PCA,k_minus_1,PCA__k_minus_1,0.22147454334366215,10,rsg|2|200|100
rsg,2,200,100,OPTICS,VAE,25_percent,VAE__25_percent,0.99599960816486455,10,rsg|2|200|100
rsg,2,200,100,OPTICS,VAE,50_percent,VAE__50_percent,1,10,rsg|2|200|100
rsg,2,200,100,OPTICS,VAE,k_minus_1,VAE__k_minus_1,0.46164903019720721,10,rsg|2|200|100
rsg,2,200,200,AHC,Isomap,25_percent,Isomap__25_percent,0.40002010450320757,10,rsg|2|200|200
rsg,2,200,200,AHC,Isomap,50_percent,Isomap__50_percent,0.3000201045032076,10,rsg|2|200|200
rsg,2,200,200,AHC,Isomap,k_minus_1,Isomap__k_minus_1,1,10,rsg|2|200|200
rsg,2,200,200,AHC,KernelPCA,25_percent,KernelPCA__25_percent,2.010450320759e-05,10,rsg|2|200|200
rsg,2,200,200,AHC,KernelPCA,50_percent,KernelPCA__50_percent,8.0418012830359999e-05,10,rsg|2|200|200
rsg,2,200,200,AHC,KernelPCA,k_minus_1,KernelPCA__k_minus_1,0.98216043429924316,10,rsg|2|200|200
rsg,2,200,200,AHC,MDS,25_percent,MDS__25_percent,0.00016085955416858002,10,rsg|2|200|200
rsg,2,200,200,AHC,MDS,50_percent,MDS__50_percent,0.00016085955416858002,10,rsg|2|200|200
rsg,2,200,200,AHC,MDS,k_minus_1,MDS__k_minus_1,0.082743713868430283,10,rsg|2|200|200
rsg,2,200,200,AHC,None,original,None__original,4.020900641518e-05,10,rsg|2|200|200
rsg,2,200,200,AHC,PCA,25_percent,PCA__25_percent,0.00016085955416858002,10,rsg|2|200|200
rsg,2,200,200,AHC,PCA,50_percent,PCA__50_percent,0.00016085955416858002,10,rsg|2|200|200
rsg,2,200,200,AHC,PCA,k_minus_1,PCA__k_minus_1,0.00020105685582336004,10,rsg|2|200|200
rsg,2,200,200,AHC,VAE,25_percent,VAE__25_percent,4.020900641518e-05,10,rsg|2|200|200
rsg,2,200,200,AHC,VAE,50_percent,VAE__50_percent,2.010450320759e-05,10,rsg|2|200|200
rsg,2,200,200,AHC,VAE,k_minus_1,VAE__k_minus_1,0.59602000551335865,10,rsg|2|200|200
rsg,2,200,200,GMM,Isomap,25_percent,Isomap__25_percent,1,10,rsg|2|200|200
rsg,2,200,200,GMM,Isomap,50_percent,Isomap__50_percent,1,10,rsg|2|200|200
rsg,2,200,200,GMM,Isomap,k_minus_1,Isomap__k_minus_1,1,10,rsg|2|200|200
rsg,2,200,200,GMM,KernelPCA,25_percent,KernelPCA__25_percent,1,10,rsg|2|200|200
rsg,2,200,200,GMM,KernelPCA,50_percent,KernelPCA__50_percent,1,10,rsg|2|200|200
rsg,2,200,200,GMM,KernelPCA,k_minus_1,KernelPCA__k_minus_1,0.99012041821846775,10,rsg|2|200|200
rsg,2,200,200,GMM,MDS,25_percent,MDS__25_percent,1,10,rsg|2|200|200
rsg,2,200,200,GMM,MDS,50_percent,MDS__50_percent,0.90770538209819729,10,rsg|2|200|200
rsg,2,200,200,GMM,MDS,k_minus_1,MDS__k_minus_1,0.3674312776997557,10,rsg|2|200|200
rsg,2,200,200,GMM,None,original,None__original,0.71589770120294738,10,rsg|2|200|200
rsg,2,200,200,GMM,PCA,25_percent,PCA__25_percent,1,10,rsg|2|200|200
rsg,2,200,200,GMM,PCA,50_percent,PCA__50_percent,0.90770538209819729,10,rsg|2|200|200
rsg,2,200,200,GMM,PCA,k_minus_1,PCA__k_minus_1,0.47592200439248183,10,rsg|2|200|200
rsg,2,200,200,GMM,VAE,25_percent,VAE__25_percent,1,10,rsg|2|200|200
rsg,2,200,200,GMM,VAE,50_percent,VAE__50_percent,1,10,rsg|2|200|200
rsg,2,200,200,GMM,VAE,k_minus_1,VAE__k_minus_1,0.86273199555270175,10,rsg|2|200|200
rsg,2,200,200,KMeans,Isomap,25_percent,Isomap__25_percent,1,10,rsg|2|200|200
rsg,2,200,200,KMeans,Isomap,50_percent,Isomap__50_percent,1,10,rsg|2|200|200
rsg,2,200,200,KMeans,Isomap,k_minus_1,Isomap__k_minus_1,1,10,rsg|2|200|200
rsg,2,200,200,KMeans,KernelPCA,25_percent,KernelPCA__25_percent,1,10,rsg|2|200|200
rsg,2,200,200,KMeans,KernelPCA,50_percent,KernelPCA__50_percent,1,10,rsg|2|200|200
rsg,2,200,200,KMeans,KernelPCA,k_minus_1,KernelPCA__k_minus_1,0.9495628834793699,10,rsg|2|200|200
rsg,2,200,200,KMeans,MDS,25_percent,MDS__25_percent,0.54512157683274975,10,rsg|2|200|200
rsg,2,200,200,KMeans,MDS,50_percent,MDS__50_percent,0.54512157683274975,10,rsg|2|200|200
rsg,2,200,200,KMeans,MDS,k_minus_1,MDS__k_minus_1,0.47833779006506677,10,rsg|2|200|200
rsg,2,200,200,KMeans,None,original,None__original,0.54512157683274975,10,rsg|2|200|200
rsg,2,200,200,KMeans,PCA,25_percent,PCA__25_percent,0.54512157683274975,10,rsg|2|200|200
rsg,2,200,200,KMeans,PCA,50_percent,PCA__50_percent,0.54512157683274975,10,rsg|2|200|200
rsg,2,200,200,KMeans,PCA,k_minus_1,PCA__k_minus_1,0.16684851905218645,10,rsg|2|200|200
rsg,2,200,200,KMeans,VAE,25_percent,VAE__25_percent,0.99406017851434003,10,rsg|2|200|200
rsg,2,200,200,KMeans,VAE,50_percent,VAE__50_percent,1,10,rsg|2|200|200
rsg,2,200,200,KMeans,VAE,k_minus_1,VAE__k_minus_1,0.78406278725015144,10,rsg|2|200|200
rsg,2,200,200,OPTICS,Isomap,25_percent,Isomap__25_percent,0.20000000000000001,10,rsg|2|200|200
rsg,2,200,200,OPTICS,Isomap,50_percent,Isomap__50_percent,0,10,rsg|2|200|200
rsg,2,200,200,OPTICS,Isomap,k_minus_1,Isomap__k_minus_1,1,10,rsg|2|200|200
rsg,2,200,200,OPTICS,KernelPCA,25_percent,KernelPCA__25_percent,0.73983764138353836,10,rsg|2|200|200
rsg,2,200,200,OPTICS,KernelPCA,50_percent,KernelPCA__50_percent,0.45058285481181304,10,rsg|2|200|200
rsg,2,200,200,OPTICS,KernelPCA,k_minus_1,KernelPCA__k_minus_1,0.95042939605110366,10,rsg|2|200|200
rsg,2,200,200,OPTICS,MDS,25_percent,MDS__25_percent,0.68416305748963757,10,rsg|2|200|200
rsg,2,200,200,OPTICS,MDS,50_percent,MDS__50_percent,0.68416305748963757,10,rsg|2|200|200
rsg,2,200,200,OPTICS,MDS,k_minus_1,MDS__k_minus_1,0.40599712947004207,10,rsg|2|200|200
rsg,2,200,200,OPTICS,None,original,None__original,0.68246431214476022,10,rsg|2|200|200
rsg,2,200,200,OPTICS,PCA,25_percent,PCA__25_percent,0.68416305748963757,10,rsg|2|200|200
rsg,2,200,200,OPTICS,PCA,50_percent,PCA__50_percent,0.68246431214476022,10,rsg|2|200|200
rsg,2,200,200,OPTICS,PCA,k_minus_1,PCA__k_minus_1,0.081367749758064156,10,rsg|2|200|200
rsg,2,200,200,OPTICS,VAE,25_percent,VAE__25_percent,0.94330804843232952,10,rsg|2|200|200
rsg,2,200,200,OPTICS,VAE,50_percent,VAE__50_percent,0.78652456018572681,10,rsg|2|200|200
rsg,2,200,200,OPTICS,VAE,k_minus_1,VAE__k_minus_1,0.77119030493540164,10,rsg|2|200|200
rsg,10,10,50,AHC,Isomap,25_percent,Isomap__25_percent,0.4885987328077892,10,rsg|10|10|50
rsg,10,10,50,AHC,Isomap,50_percent,Isomap__50_percent,0.52752769421340207,10,rsg|10|10|50
rsg,10,10,50,AHC,Isomap,k_minus_1,Isomap__k_minus_1,0.54538805019737624,10,rsg|10|10|50
rsg,10,10,50,AHC,KernelPCA,25_percent,KernelPCA__25_percent,0.49645796824859234,10,rsg|10|10|50
rsg,10,10,50,AHC,KernelPCA,50_percent,KernelPCA__50_percent,0.58377147519123196,10,rsg|10|10|50
rsg,10,10,50,AHC,KernelPCA,k_minus_1,KernelPCA__k_minus_1,0.61010812514955393,10,rsg|10|10|50
rsg,10,10,50,AHC,MDS,25_percent,MDS__25_percent,0.49467645882662958,10,rsg|10|10|50
rsg,10,10,50,AHC,MDS,50_percent,MDS__50_percent,0.57261784271446725,10,rsg|10|10|50
rsg,10,10,50,AHC,MDS,k_minus_1,MDS__k_minus_1,0.59318837322802165,10,rsg|10|10|50
rsg,10,10,50,AHC,None,original,None__original,0.56372155077799846,10,rsg|10|10|50
rsg,10,10,50,AHC,PCA,25_percent,PCA__25_percent,0.37287275693659977,10,rsg|10|10|50
rsg,10,10,50,AHC,PCA,50_percent,PCA__50_percent,0.49273859914468537,10,rsg|10|10|50
rsg,10,10,50,AHC,PCA,k_minus_1,PCA__k_minus_1,0.57267591142127272,10,rsg|10|10|50
rsg,10,10,50,AHC,VAE,25_percent,VAE__25_percent,0.2906768668982625,10,rsg|10|10|50
rsg,10,10,50,AHC,VAE,50_percent,VAE__50_percent,0.35166674460313935,10,rsg|10|10|50
rsg,10,10,50,AHC,VAE,k_minus_1,VAE__k_minus_1,0.39350022883825708,10,rsg|10|10|50
rsg,10,10,50,GMM,Isomap,25_percent,Isomap__25_percent,0.44901524411994725,10,rsg|10|10|50
rsg,10,10,50,GMM,Isomap,50_percent,Isomap__50_percent,0.48544254397648634,10,rsg|10|10|50
rsg,10,10,50,GMM,Isomap,k_minus_1,Isomap__k_minus_1,0.57020659942279384,10,rsg|10|10|50
rsg,10,10,50,GMM,KernelPCA,25_percent,KernelPCA__25_percent,0.44625645871067177,10,rsg|10|10|50
rsg,10,10,50,GMM,KernelPCA,50_percent,KernelPCA__50_percent,0.50582291813265956,10,rsg|10|10|50
rsg,10,10,50,GMM,KernelPCA,k_minus_1,KernelPCA__k_minus_1,0.66970644129278112,10,rsg|10|10|50
rsg,10,10,50,GMM,MDS,25_percent,MDS__25_percent,0.40822811446953267,10,rsg|10|10|50
rsg,10,10,50,GMM,MDS,50_percent,MDS__50_percent,0.5641000961584528,10,rsg|10|10|50
rsg,10,10,50,GMM,MDS,k_minus_1,MDS__k_minus_1,0.62750449265457842,10,rsg|10|10|50
rsg,10,10,50,GMM,None,original,None__original,0.58038340297158542,10,rsg|10|10|50
rsg,10,10,50,GMM,PCA,25_percent,PCA__25_percent,0.31859136167278151,10,rsg|10|10|50
rsg,10,10,50,GMM,PCA,50_percent,PCA__50_percent,0.53846574374457623,10,rsg|10|10|50
rsg,10,10,50,GMM,PCA,k_minus_1,PCA__k_minus_1,0.63991273773941426,10,rsg|10|10|50
rsg,10,10,50,GMM,VAE,25_percent,VAE__25_percent,0.27814380208439893,10,rsg|10|10|50
rsg,10,10,50,GMM,VAE,50_percent,VAE__50_percent,0.36199483099951879,10,rsg|10|10|50
rsg,10,10,50,GMM,VAE,k_minus_1,VAE__k_minus_1,0.38797697262078357,10,rsg|10|10|50
rsg,10,10,50,KMeans,Isomap,25_percent,Isomap__25_percent,0.51163154513545517,10,rsg|10|10|50
rsg,10,10,50,KMeans,Isomap,50_percent,Isomap__50_percent,0.53411360435095934,10,rsg|10|10|50
rsg,10,10,50,KMeans,Isomap,k_minus_1,Isomap__k_minus_1,0.56696979975654183,10,rsg|10|10|50
rsg,10,10,50,KMeans,KernelPCA,25_percent,KernelPCA__25_percent,0.50134893472118536,10,rsg|10|10|50
rsg,10,10,50,KMeans,KernelPCA,50_percent,KernelPCA__50_percent,0.59580819300603483,10,rsg|10|10|50
rsg,10,10,50,KMeans,KernelPCA,k_minus_1,KernelPCA__k_minus_1,0.62766812894823243,10,rsg|10|10|50
rsg,10,10,50,KMeans,MDS,25_percent,MDS__25_percent,0.51114441821265433,10,rsg|10|10|50
rsg,10,10,50,KMeans,MDS,50_percent,MDS__50_percent,0.60247991527441425,10,rsg|10|10|50
rsg,10,10,50,KMeans,MDS,k_minus_1,MDS__k_minus_1,0.58273839910814229,10,rsg|10|10|50
rsg,10,10,50,KMeans,None,original,None__original,0.57573774764397012,10,rsg|10|10|50
rsg,10,10,50,KMeans,PCA,25_percent,PCA__25_percent,0.39289518882118357,10,rsg|10|10|50
rsg,10,10,50,KMeans,PCA,50_percent,PCA__50_percent,0.4835512271462063,10,rsg|10|10|50
rsg,10,10,50,KMeans,PCA,k_minus_1,PCA__k_minus_1,0.59563963478800053,10,rsg|10|10|50
rsg,10,10,50,KMeans,VAE,25_percent,VAE__25_percent,0.30405927776149427,10,rsg|10|10|50
rsg,10,10,50,KMeans,VAE,50_percent,VAE__50_percent,0.36887345037409236,10,rsg|10|10|50
rsg,10,10,50,KMeans,VAE,k_minus_1,VAE__k_minus_1,0.41027438356908252,10,rsg|10|10|50
rsg,10,10,50,OPTICS,Isomap,25_percent,Isomap__25_percent,0.25386386269966804,10,rsg|10|10|50
rsg,10,10,50,OPTICS,Isomap,50_percent,Isomap__50_percent,0.22503174020591565,10,rsg|10|10|50
rsg,10,10,50,OPTICS,Isomap,k_minus_1,Isomap__k_minus_1,0.16017640385073079,10,rsg|10|10|50
rsg,10,10,50,OPTICS,KernelPCA,25_percent,KernelPCA__25_percent,0.27009939609025141,10,rsg|10|10|50
rsg,10,10,50,OPTICS,KernelPCA,50_percent,KernelPCA__50_percent,0.25527326579590986,10,rsg|10|10|50
rsg,10,10,50,OPTICS,KernelPCA,k_minus_1,KernelPCA__k_minus_1,0.20300818064033238,10,rsg|10|10|50
rsg,10,10,50,OPTICS,MDS,25_percent,MDS__25_percent,0.11434626061945359,10,rsg|10|10|50
rsg,10,10,50,OPTICS,MDS,50_percent,MDS__50_percent,0.091105259450250692,10,rsg|10|10|50
rsg,10,10,50,OPTICS,MDS,k_minus_1,MDS__k_minus_1,0.10062312942753497,10,rsg|10|10|50
rsg,10,10,50,OPTICS,None,original,None__original,0.089634261192287373,10,rsg|10|10|50
rsg,10,10,50,OPTICS,PCA,25_percent,PCA__25_percent,0.14915248454815058,10,rsg|10|10|50
rsg,10,10,50,OPTICS,PCA,50_percent,PCA__50_percent,0.067836031700392679,10,rsg|10|10|50
rsg,10,10,50,OPTICS,PCA,k_minus_1,PCA__k_minus_1,0.087807897415290465,10,rsg|10|10|50
rsg,10,10,50,OPTICS,VAE,25_percent,VAE__25_percent,0.17301713533568619,10,rsg|10|10|50
rsg,10,10,50,OPTICS,VAE,50_percent,VAE__50_percent,0.11626561898366669,10,rsg|10|10|50
rsg,10,10,50,OPTICS,VAE,k_minus_1,VAE__k_minus_1,0.086802230643745357,10,rsg|10|10|50
rsg,10,10,500,AHC,Isomap,25_percent,Isomap__25_percent,0.72011609968899482,10,rsg|10|10|500
rsg,10,10,500,AHC,Isomap,50_percent,Isomap__50_percent,0.80318454972712039,10,rsg|10|10|500
rsg,10,10,500,AHC,Isomap,k_minus_1,Isomap__k_minus_1,0.84734799437121355,10,rsg|10|10|500
rsg,10,10,500,AHC,KernelPCA,25_percent,KernelPCA__25_percent,0.43548491577134463,10,rsg|10|10|500
rsg,10,10,500,AHC,KernelPCA,50_percent,KernelPCA__50_percent,0.5395826108122006,10,rsg|10|10|500
rsg,10,10,500,AHC,KernelPCA,k_minus_1,KernelPCA__k_minus_1,0.62478608568712735,10,rsg|10|10|500
rsg,10,10,500,AHC,MDS,25_percent,MDS__25_percent,0.42579019147117547,10,rsg|10|10|500
rsg,10,10,500,AHC,MDS,50_percent,MDS__50_percent,0.54692184412429301,10,rsg|10|10|500
rsg,10,10,500,AHC,MDS,k_minus_1,MDS__k_minus_1,0.60289422903991885,10,rsg|10|10|500
rsg,10,10,500,AHC,None,original,None__original,0.65115762441719416,10,rsg|10|10|500
rsg,10,10,500,AHC,PCA,25_percent,PCA__25_percent,0.36192893700753376,10,rsg|10|10|500
rsg,10,10,500,AHC,PCA,50_percent,PCA__50_percent,0.49790824581662052,10,rsg|10|10|500
rsg,10,10,500,AHC,PCA,k_minus_1,PCA__k_minus_1,0.61405482671334499,10,rsg|10|10|500
rsg,10,10,500,AHC,VAE,25_percent,VAE__25_percent,0.43723128513932752,10,rsg|10|10|500
rsg,10,10,500,AHC,VAE,50_percent,VAE__50_percent,0.43454638471166618,10,rsg|10|10|500
rsg,10,10,500,AHC,VAE,k_minus_1,VAE__k_minus_1,0.47004821920145601,10,rsg|10|10|500
rsg,10,10,500,GMM,Isomap,25_percent,Isomap__25_percent,0.72942756418309429,10,rsg|10|10|500
rsg,10,10,500,GMM,Isomap,50_percent,Isomap__50_percent,0.85605921445745869,10,rsg|10|10|500
rsg,10,10,500,GMM,Isomap,k_minus_1,Isomap__k_minus_1,0.8823460587732409,10,rsg|10|10|500
rsg,10,10,500,GMM,KernelPCA,25_percent,KernelPCA__25_percent,0.42153399335336061,10,rsg|10|10|500
rsg,10,10,500,GMM,KernelPCA,50_percent,KernelPCA__50_percent,0.73041691396586528,10,rsg|10|10|500
rsg,10,10,500,GMM,KernelPCA,k_minus_1,KernelPCA__k_minus_1,0.92156915490018054,10,rsg|10|10|500
rsg,10,10,500,GMM,MDS,25_percent,MDS__25_percent,0.41284129450314699,10,rsg|10|10|500
rsg,10,10,500,GMM,MDS,50_percent,MDS__50_percent,0.89638990911115679,10,rsg|10|10|500
rsg,10,10,500,GMM,MDS,k_minus_1,MDS__k_minus_1,0.99776882192669658,10,rsg|10|10|500
rsg,10,10,500,GMM,None,original,None__original,1,10,rsg|10|10|500
rsg,10,10,500,GMM,PCA,25_percent,PCA__25_percent,0.47126059684853472,10,rsg|10|10|500
rsg,10,10,500,GMM,PCA,50_percent,PCA__50_percent,1,10,rsg|10|10|500
rsg,10,10,500,GMM,PCA,k_minus_1,PCA__k_minus_1,1,10,rsg|10|10|500
rsg,10,10,500,GMM,VAE,25_percent,VAE__25_percent,0.53556971807793863,10,rsg|10|10|500
rsg,10,10,500,GMM,VAE,50_percent,VAE__50_percent,0.69290813002980178,10,rsg|10|10|500
rsg,10,10,500,GMM,VAE,k_minus_1,VAE__k_minus_1,0.60185878515198954,10,rsg|10|10|500
rsg,10,10,500,KMeans,Isomap,25_percent,Isomap__25_percent,0.75804393030997963,10,rsg|10|10|500
rsg,10,10,500,KMeans,Isomap,50_percent,Isomap__50_percent,0.82510132116640911,10,rsg|10|10|500
rsg,10,10,500,KMeans,Isomap,k_minus_1,Isomap__k_minus_1,0.88198866627557959,10,rsg|10|10|500
rsg,10,10,500,KMeans,KernelPCA,25_percent,KernelPCA__25_percent,0.431437715127727,10,rsg|10|10|500
rsg,10,10,500,KMeans,KernelPCA,50_percent,KernelPCA__50_percent,0.53880070143522263,10,rsg|10|10|500
rsg,10,10,500,KMeans,KernelPCA,k_minus_1,KernelPCA__k_minus_1,0.59477003208429835,10,rsg|10|10|500
rsg,10,10,500,KMeans,MDS,25_percent,MDS__25_percent,0.4185919369443904,10,rsg|10|10|500
rsg,10,10,500,KMeans,MDS,50_percent,MDS__50_percent,0.51187550667968784,10,rsg|10|10|500
rsg,10,10,500,KMeans,MDS,k_minus_1,MDS__k_minus_1,0.54944107557362609,10,rsg|10|10|500
rsg,10,10,500,KMeans,None,original,None__original,0.55496751914114073,10,rsg|10|10|500
rsg,10,10,500,KMeans,PCA,25_percent,PCA__25_percent,0.38006226340407956,10,rsg|10|10|500
rsg,10,10,500,KMeans,PCA,50_percent,PCA__50_percent,0.46227185837398677,10,rsg|10|10|500
rsg,10,10,500,KMeans,PCA,k_minus_1,PCA__k_minus_1,0.55503397224137307,10,rsg|10|10|500
rsg,10,10,500,KMeans,VAE,25_percent,VAE__25_percent,0.43252531774727621,10,rsg|10|10|500
rsg,10,10,500,KMeans,VAE,50_percent,VAE__50_percent,0.43960116550728756,10,rsg|10|10|500
rsg,10,10,500,KMeans,VAE,k_minus_1,VAE__k_minus_1,0.47034405440967431,10,rsg|10|10|500
rsg,10,10,500,OPTICS,Isomap,25_percent,Isomap__25_percent,0.68580312812941524,10,rsg|10|10|500
rsg,10,10,500,OPTICS,Isomap,50_percent,Isomap__50_percent,0.75719631008166122,10,rsg|10|10|500
rsg,10,10,500,OPTICS,Isomap,k_minus_1,Isomap__k_minus_1,0.75004221575204677,10,rsg|10|10|500
rsg,10,10,500,OPTICS,KernelPCA,25_percent,KernelPCA__25_percent,0.27404103715146566,10,rsg|10|10|500
rsg,10,10,500,OPTICS,KernelPCA,50_percent,KernelPCA__50_percent,0.33678698456736711,10,rsg|10|10|500
rsg,10,10,500,OPTICS,KernelPCA,k_minus_1,KernelPCA__k_minus_1,0.39577026524172865,10,rsg|10|10|500
rsg,10,10,500,OPTICS,MDS,25_percent,MDS__25_percent,0.21919758789144556,10,rsg|10|10|500
rsg,10,10,500,OPTICS,MDS,50_percent,MDS__50_percent,0.26952939725974928,10,rsg|10|10|500
rsg,10,10,500,OPTICS,MDS,k_minus_1,MDS__k_minus_1,0.38762396301653662,10,rsg|10|10|500
rsg,10,10,500,OPTICS,None,original,None__original,0.43936285049484597,10,rsg|10|10|500
rsg,10,10,500,OPTICS,PCA,25_percent,PCA__25_percent,0.15894991306121203,10,rsg|10|10|500
rsg,10,10,500,OPTICS,PCA,50_percent,PCA__50_percent,0.23380991230503917,10,rsg|10|10|500
rsg,10,10,500,OPTICS,PCA,k_minus_1,PCA__k_minus_1,0.44597971269414716,10,rsg|10|10|500
rsg,10,10,500,OPTICS,VAE,25_percent,VAE__25_percent,0.25607798582312336,10,rsg|10|10|500
rsg,10,10,500,OPTICS,VAE,50_percent,VAE__50_percent,0.24489331817123486,10,rsg|10|10|500
rsg,10,10,500,OPTICS,VAE,k_minus_1,VAE__k_minus_1,0.26868956665658594,10,rsg|10|10|500
rsg,10,10,1000,AHC,Isomap,25_percent,Isomap__25_percent,0.77159555397139479,10,rsg|10|10|1000
rsg,10,10,1000,AHC,Isomap,50_percent,Isomap__50_percent,0.87079385156788247,10,rsg|10|10|1000
rsg,10,10,1000,AHC,Isomap,k_minus_1,Isomap__k_minus_1,0.91454970381395229,10,rsg|10|10|1000
rsg,10,10,1000,AHC,KernelPCA,25_percent,KernelPCA__25_percent,0.37542883583293479,10,rsg|10|10|1000
rsg,10,10,1000,AHC,KernelPCA,50_percent,KernelPCA__50_percent,0.48538391348719989,10,rsg|10|10|1000
rsg,10,10,1000,AHC,KernelPCA,k_minus_1,KernelPCA__k_minus_1,0.5874399890526415,10,rsg|10|10|1000
rsg,10,10,1000,AHC,MDS,25_percent,MDS__25_percent,0.36933298644453366,10,rsg|10|10|1000
rsg,10,10,1000,AHC,MDS,50_percent,MDS__50_percent,0.5052593086974152,10,rsg|10|10|1000
rsg,10,10,1000,AHC,MDS,k_minus_1,MDS__k_minus_1,0.55188216708579374,10,rsg|10|10|1000
rsg,10,10,1000,AHC,None,original,None__original,0.51045053844628563,10,rsg|10|10|1000
rsg,10,10,1000,AHC,PCA,25_percent,PCA__25_percent,0.33118491362854263,10,rsg|10|10|1000
rsg,10,10,1000,AHC,PCA,50_percent,PCA__50_percent,0.42079931554479577,10,rsg|10|10|1000
rsg,10,10,1000,AHC,PCA,k_minus_1,PCA__k_minus_1,0.5122805211603263,10,rsg|10|10|1000
rsg,10,10,1000,AHC,VAE,25_percent,VAE__25_percent,0.38136376751058265,10,rsg|10|10|1000
rsg,10,10,1000,AHC,VAE,50_percent,VAE__50_percent,0.45313505763744483,10,rsg|10|10|1000
rsg,10,10,1000,AHC,VAE,k_minus_1,VAE__k_minus_1,0.39608574964223153,10,rsg|10|10|1000
rsg,10,10,1000,GMM,Isomap,25_percent,Isomap__25_percent,0.80538003866228203,10,rsg|10|10|1000
rsg,10,10,1000,GMM,Isomap,50_percent,Isomap__50_percent,0.87808858556659408,10,rsg|10|10|1000
rsg,10,10,1000,GMM,Isomap,k_minus_1,Isomap__k_minus_1,0.90054389053021811,10,rsg|10|10|1000
rsg,10,10,1000,GMM,KernelPCA,25_percent,KernelPCA__25_percent,0.37456400775230098,10,rsg|10|10|1000
rsg,10,10,1000,GMM,KernelPCA,50_percent,KernelPCA__50_percent,0.75251548859175954,10,rsg|10|10|1000
rsg,10,10,1000,GMM,KernelPCA,k_minus_1,KernelPCA__k_minus_1,0.99687641134020843,10,rsg|10|10|1000
rsg,10,10,1000,GMM,MDS,25_percent,MDS__25_percent,0.40335267452027218,10,rsg|10|10|1000
rsg,10,10,1000,GMM,MDS,50_percent,MDS__50_percent,0.88489490563461592,10,rsg|10|10|1000
rsg,10,10,1000,GMM,MDS,k_minus_1,MDS__k_minus_1,0.99955376158739584,10,rsg|10|10|1000
rsg,10,10,1000,GMM,None,original,None__original,1,10,rsg|10|10|1000
rsg,10,10,1000,GMM,PCA,25_percent,PCA__25_percent,0.50052436136001255,10,rsg|10|10|1000
rsg,10,10,1000,GMM,PCA,50_percent,PCA__50_percent,0.99910752317479168,10,rsg|10|10|1000
rsg,10,10,1000,GMM,PCA,k_minus_1,PCA__k_minus_1,1,10,rsg|10|10|1000
rsg,10,10,1000,GMM,VAE,25_percent,VAE__25_percent,0.49594710152542759,10,rsg|10|10|1000
rsg,10,10,1000,GMM,VAE,50_percent,VAE__50_percent,0.78328967845714448,10,rsg|10|10|1000
rsg,10,10,1000,GMM,VAE,k_minus_1,VAE__k_minus_1,0.71360407126451852,10,rsg|10|10|1000
rsg,10,10,1000,KMeans,Isomap,25_percent,Isomap__25_percent,0.81819697500248445,10,rsg|10|10|1000
rsg,10,10,1000,KMeans,Isomap,50_percent,Isomap__50_percent,0.88564495831191681,10,rsg|10|10|1000
rsg,10,10,1000,KMeans,Isomap,k_minus_1,Isomap__k_minus_1,0.92580645681071572,10,rsg|10|10|1000
rsg,10,10,1000,KMeans,KernelPCA,25_percent,KernelPCA__25_percent,0.39151920964860287,10,rsg|10|10|1000
rsg,10,10,1000,KMeans,KernelPCA,50_percent,KernelPCA__50_percent,0.46869561261423581,10,rsg|10|10|1000
rsg,10,10,1000,KMeans,KernelPCA,k_minus_1,KernelPCA__k_minus_1,0.54881654428991433,10,rsg|10|10|1000
rsg,10,10,1000,KMeans,MDS,25_percent,MDS__25_percent,0.37770522581563493,10,rsg|10|10|1000
rsg,10,10,1000,KMeans,MDS,50_percent,MDS__50_percent,0.46209412697389496,10,rsg|10|10|1000
rsg,10,10,1000,KMeans,MDS,k_minus_1,MDS__k_minus_1,0.49385301007797944,10,rsg|10|10|1000
rsg,10,10,1000,KMeans,None,original,None__original,0.49939909155944939,10,rsg|10|10|1000
rsg,10,10,1000,KMeans,PCA,25_percent,PCA__25_percent,0.32158087265822399,10,rsg|10|10|1000
rsg,10,10,1000,KMeans,PCA,50_percent,PCA__50_percent,0.42988666698378336,10,rsg|10|10|1000
rsg,10,10,1000,KMeans,PCA,k_minus_1,PCA__k_minus_1,0.48685113245439632,10,rsg|10|10|1000
rsg,10,10,1000,KMeans,VAE,25_percent,VAE__25_percent,0.37910081937282814,10,rsg|10|10|1000
rsg,10,10,1000,KMeans,VAE,50_percent,VAE__50_percent,0.43509137054702951,10,rsg|10|10|1000
rsg,10,10,1000,KMeans,VAE,k_minus_1,VAE__k_minus_1,0.41009029262881419,10,rsg|10|10|1000
rsg,10,10,1000,OPTICS,Isomap,25_percent,Isomap__25_percent,0.73843387362781543,10,rsg|10|10|1000
rsg,10,10,1000,OPTICS,Isomap,50_percent,Isomap__50_percent,0.82327802393531402,10,rsg|10|10|1000
rsg,10,10,1000,OPTICS,Isomap,k_minus_1,Isomap__k_minus_1,0.74756217667957658,10,rsg|10|10|1000
rsg,10,10,1000,OPTICS,KernelPCA,25_percent,KernelPCA__25_percent,0.088682701704812586,10,rsg|10|10|1000
rsg,10,10,1000,OPTICS,KernelPCA,50_percent,KernelPCA__50_percent,0.065123328326418178,10,rsg|10|10|1000
rsg,10,10,1000,OPTICS,KernelPCA,k_minus_1,KernelPCA__k_minus_1,0.13947181135668699,10,rsg|10|10|1000
rsg,10,10,1000,OPTICS,MDS,25_percent,MDS__25_percent,0.032943755398979105,10,rsg|10|10|1000
rsg,10,10,1000,OPTICS,MDS,50_percent,MDS__50_percent,0.074006678296758291,10,rsg|10|10|1000
rsg,10,10,1000,OPTICS,MDS,k_minus_1,MDS__k_minus_1,0.15713386713746777,10,rsg|10|10|1000
rsg,10,10,1000,OPTICS,None,original,None__original,0.16058398413471528,10,rsg|10|10|1000
rsg,10,10,1000,OPTICS,PCA,25_percent,PCA__25_percent,0.020507694844635802,10,rsg|10|10|1000
rsg,10,10,1000,OPTICS,PCA,50_percent,PCA__50_percent,0.060272321909522586,10,rsg|10|10|1000
rsg,10,10,1000,OPTICS,PCA,k_minus_1,PCA__k_minus_1,0.12616992153000431,10,rsg|10|10|1000
rsg,10,10,1000,OPTICS,VAE,25_percent,VAE__25_percent,0.032350003282506687,10,rsg|10|10|1000
rsg,10,10,1000,OPTICS,VAE,50_percent,VAE__50_percent,0.086453948071549269,10,rsg|10|10|1000
rsg,10,10,1000,OPTICS,VAE,k_minus_1,VAE__k_minus_1,0.086831200820708984,10,rsg|10|10|1000
rsg,10,50,50,AHC,Isomap,25_percent,Isomap__25_percent,0.67017527404192312,10,rsg|10|50|50
rsg,10,50,50,AHC,Isomap,50_percent,Isomap__50_percent,0.71233677106704685,10,rsg|10|50|50
rsg,10,50,50,AHC,Isomap,k_minus_1,Isomap__k_minus_1,0.68624402268103846,10,rsg|10|50|50
rsg,10,50,50,AHC,KernelPCA,25_percent,KernelPCA__25_percent,0.62524747829884508,10,rsg|10|50|50
rsg,10,50,50,AHC,KernelPCA,50_percent,KernelPCA__50_percent,0.69844519647800707,10,rsg|10|50|50
rsg,10,50,50,AHC,KernelPCA,k_minus_1,KernelPCA__k_minus_1,0.69567628207288146,10,rsg|10|50|50
rsg,10,50,50,AHC,MDS,25_percent,MDS__25_percent,0.75453251646650532,10,rsg|10|50|50
rsg,10,50,50,AHC,MDS,50_percent,MDS__50_percent,0.72301540992998847,10,rsg|10|50|50
rsg,10,50,50,AHC,MDS,k_minus_1,MDS__k_minus_1,0.73427282611156008,10,rsg|10|50|50
rsg,10,50,50,AHC,None,original,None__original,0.72301540992998847,10,rsg|10|50|50
rsg,10,50,50,AHC,PCA,25_percent,PCA__25_percent,0.72326441979173972,10,rsg|10|50|50
rsg,10,50,50,AHC,PCA,50_percent,PCA__50_percent,0.72524849108909417,10,rsg|10|50|50
rsg,10,50,50,AHC,PCA,k_minus_1,PCA__k_minus_1,0.64784674349486926,10,rsg|10|50|50
rsg,10,50,50,AHC,VAE,25_percent,VAE__25_percent,0.30895670466668607,10,rsg|10|50|50
rsg,10,50,50,AHC,VAE,50_percent,VAE__50_percent,0.33444590666493595,10,rsg|10|50|50
rsg,10,50,50,AHC,VAE,k_minus_1,VAE__k_minus_1,0.31457338481163399,10,rsg|10|50|50
rsg,10,50,50,GMM,Isomap,25_percent,Isomap__25_percent,0.688174822808443,10,rsg|10|50|50
rsg,10,50,50,GMM,Isomap,50_percent,Isomap__50_percent,0.64218226641697673,10,rsg|10|50|50
rsg,10,50,50,GMM,Isomap,k_minus_1,Isomap__k_minus_1,0.75372875404407069,10,rsg|10|50|50
rsg,10,50,50,GMM,KernelPCA,25_percent,KernelPCA__25_percent,0.41818435378475866,10,rsg|10|50|50
rsg,10,50,50,GMM,KernelPCA,50_percent,KernelPCA__50_percent,0.25901453878625896,10,rsg|10|50|50
rsg,10,50,50,GMM,KernelPCA,k_minus_1,KernelPCA__k_minus_1,0.69802599042567259,10,rsg|10|50|50
rsg,10,50,50,GMM,MDS,25_percent,MDS__25_percent,0.76145845075907881,10,rsg|10|50|50
rsg,10,50,50,GMM,MDS,50_percent,MDS__50_percent,0.44673725662813696,10,rsg|10|50|50
rsg,10,50,50,GMM,MDS,k_minus_1,MDS__k_minus_1,0.72110323654437436,10,rsg|10|50|50
rsg,10,50,50,GMM,None,original,None__original,0.61367865736438898,10,rsg|10|50|50
rsg,10,50,50,GMM,PCA,25_percent,PCA__25_percent,0.69788814477303518,10,rsg|10|50|50
rsg,10,50,50,GMM,PCA,50_percent,PCA__50_percent,0.44356880988640618,10,rsg|10|50|50
rsg,10,50,50,GMM,PCA,k_minus_1,PCA__k_minus_1,0.65270826166443263,10,rsg|10|50|50
rsg,10,50,50,GMM,VAE,25_percent,VAE__25_percent,0.40649319370002868,10,rsg|10|50|50
rsg,10,50,50,GMM,VAE,50_percent,VAE__50_percent,0.36911003797070946,10,rsg|10|50|50
rsg,10,50,50,GMM,VAE,k_minus_1,VAE__k_minus_1,0.39735447243150518,10,rsg|10|50|50
rsg,10,50,50,KMeans,Isomap,25_percent,Isomap__25_percent,0.71040464308786899,10,rsg|10|50|50
rsg,10,50,50,KMeans,Isomap,50_percent,Isomap__50_percent,0.71318501914677179,10,rsg|10|50|50
rsg,10,50,50,KMeans,Isomap,k_minus_1,Isomap__k_minus_1,0.76058117946739645,10,rsg|10|50|50
rsg,10,50,50,KMeans,KernelPCA,25_percent,KernelPCA__25_percent,0.70676599653053018,10,rsg|10|50|50
rsg,10,50,50,KMeans,KernelPCA,50_percent,KernelPCA__50_percent,0.67985974420580042,10,rsg|10|50|50
rsg,10,50,50,KMeans,KernelPCA,k_minus_1,KernelPCA__k_minus_1,0.69559977341728618,10,rsg|10|50|50
rsg,10,50,50,KMeans,MDS,25_percent,MDS__25_percent,0.72505273624551225,10,rsg|10|50|50
rsg,10,50,50,KMeans,MDS,50_percent,MDS__50_percent,0.65787314638376515,10,rsg|10|50|50
rsg,10,50,50,KMeans,MDS,k_minus_1,MDS__k_minus_1,0.71391410205653139,10,rsg|10|50|50
rsg,10,50,50,KMeans,None,original,None__original,0.65573003220168069,10,rsg|10|50|50
rsg,10,50,50,KMeans,PCA,25_percent,PCA__25_percent,0.66143155392468722,10,rsg|10|50|50
rsg,10,50,50,KMeans,PCA,50_percent,PCA__50_percent,0.66114058565193079,10,rsg|10|50|50
rsg,10,50,50,KMeans,PCA,k_minus_1,PCA__k_minus_1,0.65487543489888955,10,rsg|10|50|50
rsg,10,50,50,KMeans,VAE,25_percent,VAE__25_percent,0.38766312284316307,10,rsg|10|50|50
rsg,10,50,50,KMeans,VAE,50_percent,VAE__50_percent,0.38356454157668796,10,rsg|10|50|50
rsg,10,50,50,KMeans,VAE,k_minus_1,VAE__k_minus_1,0.35997107809486278,10,rsg|10|50|50
rsg,10,50,50,OPTICS,Isomap,25_percent,Isomap__25_percent,0.031837539396050288,10,rsg|10|50|50
rsg,10,50,50,OPTICS,Isomap,50_percent,Isomap__50_percent,0.019919981755203289,10,rsg|10|50|50
rsg,10,50,50,OPTICS,Isomap,k_minus_1,Isomap__k_minus_1,0.084691084960476587,10,rsg|10|50|50
rsg,10,50,50,OPTICS,KernelPCA,25_percent,KernelPCA__25_percent,0.080975095186174489,10,rsg|10|50|50
rsg,10,50,50,OPTICS,KernelPCA,50_percent,KernelPCA__50_percent,0.0088875409830863998,10,rsg|10|50|50
rsg,10,50,50,OPTICS,KernelPCA,k_minus_1,KernelPCA__k_minus_1,0.12900280624197036,10,rsg|10|50|50
rsg,10,50,50,OPTICS,MDS,25_percent,MDS__25_percent,0.041198820202183552,10,rsg|10|50|50
rsg,10,50,50,OPTICS,MDS,50_percent,MDS__50_percent,0.041456334369426286,10,rsg|10|50|50
rsg,10,50,50,OPTICS,MDS,k_minus_1,MDS__k_minus_1,0.076910355905750682,10,rsg|10|50|50
rsg,10,50,50,OPTICS,None,original,None__original,0.0404981653783104,10,rsg|10|50|50
rsg,10,50,50,OPTICS,PCA,25_percent,PCA__25_percent,0.07607542521333488,10,rsg|10|50|50
rsg,10,50,50,OPTICS,PCA,50_percent,PCA__50_percent,0.039719223807191104,10,rsg|10|50|50
rsg,10,50,50,OPTICS,PCA,k_minus_1,PCA__k_minus_1,0.09403128647715317,10,rsg|10|50|50
rsg,10,50,50,OPTICS,VAE,25_percent,VAE__25_percent,0.068043808717487386,10,rsg|10|50|50
rsg,10,50,50,OPTICS,VAE,50_percent,VAE__50_percent,0.054789891630771172,10,rsg|10|50|50
rsg,10,50,50,OPTICS,VAE,k_minus_1,VAE__k_minus_1,0.02392088734479559,10,rsg|10|50|50
rsg,10,50,500,AHC,Isomap,25_percent,Isomap__25_percent,0.99732075725412028,10,rsg|10|50|500
rsg,10,50,500,AHC,Isomap,50_percent,Isomap__50_percent,0.99866495259804378,10,rsg|10|50|500
rsg,10,50,500,AHC,Isomap,k_minus_1,Isomap__k_minus_1,0.99642923314652432,10,rsg|10|50|500
rsg,10,50,500,AHC,KernelPCA,25_percent,KernelPCA__25_percent,0.790592269770375,10,rsg|10|50|500
rsg,10,50,500,AHC,KernelPCA,50_percent,KernelPCA__50_percent,0.91977927028047257,10,rsg|10|50|500
rsg,10,50,500,AHC,KernelPCA,k_minus_1,KernelPCA__k_minus_1,0.68568724486016785,10,rsg|10|50|500
rsg,10,50,500,AHC,MDS,25_percent,MDS__25_percent,0.77697633267606692,10,rsg|10|50|500
rsg,10,50,500,AHC,MDS,50_percent,MDS__50_percent,0.89017802157274217,10,rsg|10|50|500
rsg,10,50,500,AHC,MDS,k_minus_1,MDS__k_minus_1,0.68759493710231212,10,rsg|10|50|500
rsg,10,50,500,AHC,None,original,None__original,0.8841248189536588,10,rsg|10|50|500
rsg,10,50,500,AHC,PCA,25_percent,PCA__25_percent,0.53335484566717795,10,rsg|10|50|500
rsg,10,50,500,AHC,PCA,50_percent,PCA__50_percent,0.84092136698431175,10,rsg|10|50|500
rsg,10,50,500,AHC,PCA,k_minus_1,PCA__k_minus_1,0.54470764417938233,10,rsg|10|50|500
rsg,10,50,500,AHC,VAE,25_percent,VAE__25_percent,0.61892986440171627,10,rsg|10|50|500
rsg,10,50,500,AHC,VAE,50_percent,VAE__50_percent,0.58528702549938871,10,rsg|10|50|500
rsg,10,50,500,AHC,VAE,k_minus_1,VAE__k_minus_1,0.67238120249605937,10,rsg|10|50|500
rsg,10,50,500,GMM,Isomap,25_percent,Isomap__25_percent,0.99955193466432635,10,rsg|10|50|500
rsg,10,50,500,GMM,Isomap,50_percent,Isomap__50_percent,0.98647950361743086,10,rsg|10|50|500
rsg,10,50,500,GMM,Isomap,k_minus_1,Isomap__k_minus_1,0.9991038693286528,10,rsg|10|50|500
rsg,10,50,500,GMM,KernelPCA,25_percent,KernelPCA__25_percent,0.99955193466432635,10,rsg|10|50|500
rsg,10,50,500,GMM,KernelPCA,50_percent,KernelPCA__50_percent,0.99689330890922245,10,rsg|10|50|500
rsg,10,50,500,GMM,KernelPCA,k_minus_1,KernelPCA__k_minus_1,0.99778721189705843,10,rsg|10|50|500
rsg,10,50,500,GMM,MDS,25_percent,MDS__25_percent,0.91844969839115254,10,rsg|10|50|500
rsg,10,50,500,GMM,MDS,50_percent,MDS__50_percent,0.9636481892835006,10,rsg|10|50|500
rsg,10,50,500,GMM,MDS,k_minus_1,MDS__k_minus_1,0.98329247570679512,10,rsg|10|50|500
rsg,10,50,500,GMM,None,original,None__original,0.98919506574524441,10,rsg|10|50|500
rsg,10,50,500,GMM,PCA,25_percent,PCA__25_percent,1,10,rsg|10|50|500
rsg,10,50,500,GMM,PCA,50_percent,PCA__50_percent,1,10,rsg|10|50|500
rsg,10,50,500,GMM,PCA,k_minus_1,PCA__k_minus_1,1,10,rsg|10|50|500
rsg,10,50,500,GMM,VAE,25_percent,VAE__25_percent,0.77454496644684923,10,rsg|10|50|500
rsg,10,50,500,GMM,VAE,50_percent,VAE__50_percent,0.61147391979035182,10,rsg|10|50|500
rsg,10,50,500,GMM,VAE,k_minus_1,VAE__k_minus_1,0.87371844462396686,10,rsg|10|50|500
rsg,10,50,500,KMeans,Isomap,25_percent,Isomap__25_percent,0.99866495259804378,10,rsg|10|50|500
rsg,10,50,500,KMeans,Isomap,50_percent,Isomap__50_percent,0.99955193466432635,10,rsg|10|50|500
rsg,10,50,500,KMeans,Isomap,k_minus_1,Isomap__k_minus_1,0.99866495259804378,10,rsg|10|50|500
rsg,10,50,500,KMeans,KernelPCA,25_percent,KernelPCA__25_percent,0.72142006584017793,10,rsg|10|50|500
rsg,10,50,500,KMeans,KernelPCA,50_percent,KernelPCA__50_percent,0.80286317323332912,10,rsg|10|50|500
rsg,10,50,500,KMeans,KernelPCA,k_minus_1,KernelPCA__k_minus_1,0.62270845032617239,10,rsg|10|50|500
rsg,10,50,500,KMeans,MDS,25_percent,MDS__25_percent,0.59973921280106324,10,rsg|10|50|500
rsg,10,50,500,KMeans,MDS,50_percent,MDS__50_percent,0.63726910590541874,10,rsg|10|50|500
rsg,10,50,500,KMeans,MDS,k_minus_1,MDS__k_minus_1,0.56859540077531334,10,rsg|10|50|500
rsg,10,50,500,KMeans,None,original,None__original,0.66937480636882551,10,rsg|10|50|500
rsg,10,50,500,KMeans,PCA,25_percent,PCA__25_percent,0.52868710329892332,10,rsg|10|50|500
rsg,10,50,500,KMeans,PCA,50_percent,PCA__50_percent,0.62037022429188227,10,rsg|10|50|500
rsg,10,50,500,KMeans,PCA,k_minus_1,PCA__k_minus_1,0.46829097601299968,10,rsg|10|50|500
rsg,10,50,500,KMeans,VAE,25_percent,VAE__25_percent,0.58460441963096055,10,rsg|10|50|500
rsg,10,50,500,KMeans,VAE,50_percent,VAE__50_percent,0.55825444575796968,10,rsg|10|50|500
rsg,10,50,500,KMeans,VAE,k_minus_1,VAE__k_minus_1,0.62733320043470664,10,rsg|10|50|500
rsg,10,50,500,OPTICS,Isomap,25_percent,Isomap__25_percent,0.98469593442564773,10,rsg|10|50|500
rsg,10,50,500,OPTICS,Isomap,50_percent,Isomap__50_percent,0.9442289798015,10,rsg|10|50|500
rsg,10,50,500,OPTICS,Isomap,k_minus_1,Isomap__k_minus_1,0.97771368144922088,10,rsg|10|50|500
rsg,10,50,500,OPTICS,KernelPCA,25_percent,KernelPCA__25_percent,0.20606496576255173,10,rsg|10|50|500
rsg,10,50,500,OPTICS,KernelPCA,50_percent,KernelPCA__50_percent,0.27115339017793177,10,rsg|10|50|500
rsg,10,50,500,OPTICS,KernelPCA,k_minus_1,KernelPCA__k_minus_1,0.15991118232116378,10,rsg|10|50|500
rsg,10,50,500,OPTICS,MDS,25_percent,MDS__25_percent,0.64465878294510837,10,rsg|10|50|500
rsg,10,50,500,OPTICS,MDS,50_percent,MDS__50_percent,0.81188590962375662,10,rsg|10|50|500
rsg,10,50,500,OPTICS,MDS,k_minus_1,MDS__k_minus_1,0.49896252275256359,10,rsg|10|50|500
rsg,10,50,500,OPTICS,None,original,None__original,0.83473475383092244,10,rsg|10|50|500
rsg,10,50,500,OPTICS,PCA,25_percent,PCA__25_percent,0.47985197466565072,10,rsg|10|50|500
rsg,10,50,500,OPTICS,PCA,50_percent,PCA__50_percent,0.78317860812777429,10,rsg|10|50|500
rsg,10,50,500,OPTICS,PCA,k_minus_1,PCA__k_minus_1,0.21028470766180979,10,rsg|10|50|500
rsg,10,50,500,OPTICS,VAE,25_percent,VAE__25_percent,0.32574238453749443,10,rsg|10|50|500
rsg,10,50,500,OPTICS,VAE,50_percent,VAE__50_percent,0.306002607009357,10,rsg|10|50|500
rsg,10,50,500,OPTICS,VAE,k_minus_1,VAE__k_minus_1,0.38613050317916181,10,rsg|10|50|500
rsg,10,50,1000,AHC,Isomap,25_percent,Isomap__25_percent,0.99890706381646532,10,rsg|10|50|1000
rsg,10,50,1000,AHC,Isomap,50_percent,Isomap__50_percent,0.98850942585649637,10,rsg|10|50|1000
rsg,10,50,1000,AHC,Isomap,k_minus_1,Isomap__k_minus_1,1,10,rsg|10|50|1000
rsg,10,50,1000,AHC,KernelPCA,25_percent,KernelPCA__25_percent,0.71021813881264573,10,rsg|10|50|1000
rsg,10,50,1000,AHC,KernelPCA,50_percent,KernelPCA__50_percent,0.91921398301515445,10,rsg|10|50|1000
rsg,10,50,1000,AHC,KernelPCA,k_minus_1,KernelPCA__k_minus_1,0.61034110881197035,10,rsg|10|50|1000
rsg,10,50,1000,AHC,MDS,25_percent,MDS__25_percent,0.50336115801676129,10,rsg|10|50|1000
rsg,10,50,1000,AHC,MDS,50_percent,MDS__50_percent,0.27330741820431598,10,rsg|10|50|1000
rsg,10,50,1000,AHC,MDS,k_minus_1,MDS__k_minus_1,0.38809820516583643,10,rsg|10|50|1000
rsg,10,50,1000,AHC,None,original,None__original,0.10004198883610327,10,rsg|10|50|1000
rsg,10,50,1000,AHC,PCA,25_percent,PCA__25_percent,0.24154270132226063,10,rsg|10|50|1000
rsg,10,50,1000,AHC,PCA,50_percent,PCA__50_percent,0.2756938002890561,10,rsg|10|50|1000
rsg,10,50,1000,AHC,PCA,k_minus_1,PCA__k_minus_1,0.30099025114475531,10,rsg|10|50|1000
rsg,10,50,1000,AHC,VAE,25_percent,VAE__25_percent,0.66561248628056835,10,rsg|10|50|1000
rsg,10,50,1000,AHC,VAE,50_percent,VAE__50_percent,0.61961848239358497,10,rsg|10|50|1000
rsg,10,50,1000,AHC,VAE,k_minus_1,VAE__k_minus_1,0.68424639788593666,10,rsg|10|50|1000
rsg,10,50,1000,GMM,Isomap,25_percent,Isomap__25_percent,1,10,rsg|10|50|1000
rsg,10,50,1000,GMM,Isomap,50_percent,Isomap__50_percent,1,10,rsg|10|50|1000
rsg,10,50,1000,GMM,Isomap,k_minus_1,Isomap__k_minus_1,0.99799421762352125,10,rsg|10|50|1000
rsg,10,50,1000,GMM,KernelPCA,25_percent,KernelPCA__25_percent,0.99977688079369786,10,rsg|10|50|1000
rsg,10,50,1000,GMM,KernelPCA,50_percent,KernelPCA__50_percent,0.99955376158739584,10,rsg|10|50|1000
rsg,10,50,1000,GMM,KernelPCA,k_minus_1,KernelPCA__k_minus_1,0.99888440396848954,10,rsg|10|50|1000
rsg,10,50,1000,GMM,MDS,25_percent,MDS__25_percent,0.99821505838428171,10,rsg|10|50|1000
rsg,10,50,1000,GMM,MDS,50_percent,MDS__50_percent,0.99843705640862834,10,rsg|10|50|1000
rsg,10,50,1000,GMM,MDS,k_minus_1,MDS__k_minus_1,0.99843822572634822,10,rsg|10|50|1000
rsg,10,50,1000,GMM,None,original,None__original,1,10,rsg|10|50|1000
rsg,10,50,1000,GMM,PCA,25_percent,PCA__25_percent,1,10,rsg|10|50|1000
rsg,10,50,1000,GMM,PCA,50_percent,PCA__50_percent,0.98969681374125762,10,rsg|10|50|1000
rsg,10,50,1000,GMM,PCA,k_minus_1,PCA__k_minus_1,1,10,rsg|10|50|1000
rsg,10,50,1000,GMM,VAE,25_percent,VAE__25_percent,0.96690211804213144,10,rsg|10|50|1000
rsg,10,50,1000,GMM,VAE,50_percent,VAE__50_percent,0.94543224966421813,10,rsg|10|50|1000
rsg,10,50,1000,GMM,VAE,k_minus_1,VAE__k_minus_1,0.9861266900390625,10,rsg|10|50|1000
rsg,10,50,1000,KMeans,Isomap,25_percent,Isomap__25_percent,1,10,rsg|10|50|1000
rsg,10,50,1000,KMeans,Isomap,50_percent,Isomap__50_percent,1,10,rsg|10|50|1000
rsg,10,50,1000,KMeans,Isomap,k_minus_1,Isomap__k_minus_1,1,10,rsg|10|50|1000
rsg,10,50,1000,KMeans,KernelPCA,25_percent,KernelPCA__25_percent,0.5944240918725785,10,rsg|10|50|1000
rsg,10,50,1000,KMeans,KernelPCA,50_percent,KernelPCA__50_percent,0.6656138727592471,10,rsg|10|50|1000
rsg,10,50,1000,KMeans,KernelPCA,k_minus_1,KernelPCA__k_minus_1,0.54238233667776292,10,rsg|10|50|1000
rsg,10,50,1000,KMeans,MDS,25_percent,MDS__25_percent,0.4764902720026658,10,rsg|10|50|1000
rsg,10,50,1000,KMeans,MDS,50_percent,MDS__50_percent,0.52633545315968933,10,rsg|10|50|1000
rsg,10,50,1000,KMeans,MDS,k_minus_1,MDS__k_minus_1,0.42947029953927973,10,rsg|10|50|1000
rsg,10,50,1000,KMeans,None,original,None__original,0.57173272939549513,10,rsg|10|50|1000
rsg,10,50,1000,KMeans,PCA,25_percent,PCA__25_percent,0.42529007803260421,10,rsg|10|50|1000
rsg,10,50,1000,KMeans,PCA,50_percent,PCA__50_percent,0.51034431646662137,10,rsg|10|50|1000
rsg,10,50,1000,KMeans,PCA,k_minus_1,PCA__k_minus_1,0.36023106003561806,10,rsg|10|50|1000
rsg,10,50,1000,KMeans,VAE,25_percent,VAE__25_percent,0.60890120370279788,10,rsg|10|50|1000
rsg,10,50,1000,KMeans,VAE,50_percent,VAE__50_percent,0.54360044489538706,10,rsg|10|50|1000
rsg,10,50,1000,KMeans,VAE,k_minus_1,VAE__k_minus_1,0.64728804489913228,10,rsg|10|50|1000
rsg,10,50,1000,OPTICS,Isomap,25_percent,Isomap__25_percent,0.98578238075979685,10,rsg|10|50|1000
rsg,10,50,1000,OPTICS,Isomap,50_percent,Isomap__50_percent,0.91920199185645435,10,rsg|10|50|1000
rsg,10,50,1000,OPTICS,Isomap,k_minus_1,Isomap__k_minus_1,0.98948957773531043,10,rsg|10|50|1000
rsg,10,50,1000,OPTICS,KernelPCA,25_percent,KernelPCA__25_percent,0.012341689806922801,10,rsg|10|50|1000
rsg,10,50,1000,OPTICS,KernelPCA,50_percent,KernelPCA__50_percent,0.022211112145889791,10,rsg|10|50|1000
rsg,10,50,1000,OPTICS,KernelPCA,k_minus_1,KernelPCA__k_minus_1,0.0034242127205974899,10,rsg|10|50|1000
rsg,10,50,1000,OPTICS,MDS,25_percent,MDS__25_percent,0.24194131546194769,10,rsg|10|50|1000
rsg,10,50,1000,OPTICS,MDS,50_percent,MDS__50_percent,0.46949244361412346,10,rsg|10|50|1000
rsg,10,50,1000,OPTICS,MDS,k_minus_1,MDS__k_minus_1,0.14638281710218976,10,rsg|10|50|1000
rsg,10,50,1000,OPTICS,None,original,None__original,0.67157076671835547,10,rsg|10|50|1000
rsg,10,50,1000,OPTICS,PCA,25_percent,PCA__25_percent,0.10914945658163475,10,rsg|10|50|1000
rsg,10,50,1000,OPTICS,PCA,50_percent,PCA__50_percent,0.43364950486889287,10,rsg|10|50|1000
rsg,10,50,1000,OPTICS,PCA,k_minus_1,PCA__k_minus_1,0.0124322710348617,10,rsg|10|50|1000
rsg,10,50,1000,OPTICS,VAE,25_percent,VAE__25_percent,0.15258172168817991,10,rsg|10|50|1000
rsg,10,50,1000,OPTICS,VAE,50_percent,VAE__50_percent,0.080001816612994478,10,rsg|10|50|1000
rsg,10,50,1000,OPTICS,VAE,k_minus_1,VAE__k_minus_1,0.16288129384803957,10,rsg|10|50|1000
rsg,10,200,50,AHC,Isomap,25_percent,Isomap__25_percent,0.76650247954376771,10,rsg|10|200|50
rsg,10,200,50,AHC,Isomap,50_percent,Isomap__50_percent,0.76650247954376771,10,rsg|10|200|50
rsg,10,200,50,AHC,Isomap,k_minus_1,Isomap__k_minus_1,0.82086123578109138,10,rsg|10|200|50
rsg,10,200,50,AHC,KernelPCA,25_percent,KernelPCA__25_percent,0.76639949390083006,10,rsg|10|200|50
rsg,10,200,50,AHC,KernelPCA,50_percent,KernelPCA__50_percent,0.76639949390083006,10,rsg|10|200|50
rsg,10,200,50,AHC,KernelPCA,k_minus_1,KernelPCA__k_minus_1,0.83117431732472935,10,rsg|10|200|50
rsg,10,200,50,AHC,MDS,25_percent,MDS__25_percent,0.85829395495279948,10,rsg|10|200|50
rsg,10,200,50,AHC,MDS,50_percent,MDS__50_percent,0.85829395495279948,10,rsg|10|200|50
rsg,10,200,50,AHC,MDS,k_minus_1,MDS__k_minus_1,0.85275661359666066,10,rsg|10|200|50
rsg,10,200,50,AHC,None,original,None__original,0.85829395495279948,10,rsg|10|200|50
rsg,10,200,50,AHC,PCA,25_percent,PCA__25_percent,0.85829395495279948,10,rsg|10|200|50
rsg,10,200,50,AHC,PCA,50_percent,PCA__50_percent,0.85829395495279948,10,rsg|10|200|50
rsg,10,200,50,AHC,PCA,k_minus_1,PCA__k_minus_1,0.76868850609247574,10,rsg|10|200|50
rsg,10,200,50,AHC,VAE,25_percent,VAE__25_percent,0.61339994073087811,10,rsg|10|200|50
rsg,10,200,50,AHC,VAE,50_percent,VAE__50_percent,0.61339994073087811,10,rsg|10|200|50
rsg,10,200,50,AHC,VAE,k_minus_1,VAE__k_minus_1,0.49535573438642794,10,rsg|10|200|50
rsg,10,200,50,GMM,Isomap,25_percent,Isomap__25_percent,0.57321235845525353,10,rsg|10|200|50
rsg,10,200,50,GMM,Isomap,50_percent,Isomap__50_percent,0.57321235845525353,10,rsg|10|200|50
rsg,10,200,50,GMM,Isomap,k_minus_1,Isomap__k_minus_1,0.8677553152541243,10,rsg|10|200|50
rsg,10,200,50,GMM,KernelPCA,25_percent,KernelPCA__25_percent,0.6779114064000209,10,rsg|10|200|50
rsg,10,200,50,GMM,KernelPCA,50_percent,KernelPCA__50_percent,0.6779114064000209,10,rsg|10|200|50
rsg,10,200,50,GMM,KernelPCA,k_minus_1,KernelPCA__k_minus_1,0.66788400016297855,10,rsg|10|200|50
rsg,10,200,50,GMM,MDS,25_percent,MDS__25_percent,0.64071260995287072,10,rsg|10|200|50
rsg,10,200,50,GMM,MDS,50_percent,MDS__50_percent,0.64071260995287072,10,rsg|10|200|50
rsg,10,200,50,GMM,MDS,k_minus_1,MDS__k_minus_1,0.85307526617934992,10,rsg|10|200|50
rsg,10,200,50,GMM,None,original,None__original,0.6802148788243334,10,rsg|10|200|50
rsg,10,200,50,GMM,PCA,25_percent,PCA__25_percent,0.64071260995287072,10,rsg|10|200|50
rsg,10,200,50,GMM,PCA,50_percent,PCA__50_percent,0.64071260995287072,10,rsg|10|200|50
rsg,10,200,50,GMM,PCA,k_minus_1,PCA__k_minus_1,0.83163426778741267,10,rsg|10|200|50
rsg,10,200,50,GMM,VAE,25_percent,VAE__25_percent,0.62088430519491788,10,rsg|10|200|50
rsg,10,200,50,GMM,VAE,50_percent,VAE__50_percent,0.62088430519491788,10,rsg|10|200|50
rsg,10,200,50,GMM,VAE,k_minus_1,VAE__k_minus_1,0.58165511350334431,10,rsg|10|200|50
rsg,10,200,50,KMeans,Isomap,25_percent,Isomap__25_percent,0.8391759213777894,10,rsg|10|200|50
rsg,10,200,50,KMeans,Isomap,50_percent,Isomap__50_percent,0.8391759213777894,10,rsg|10|200|50
rsg,10,200,50,KMeans,Isomap,k_minus_1,Isomap__k_minus_1,0.86247292313052648,10,rsg|10|200|50
rsg,10,200,50,KMeans,KernelPCA,25_percent,KernelPCA__25_percent,0.79040186543980007,10,rsg|10|200|50
rsg,10,200,50,KMeans,KernelPCA,50_percent,KernelPCA__50_percent,0.79040186543980007,10,rsg|10|200|50
rsg,10,200,50,KMeans,KernelPCA,k_minus_1,KernelPCA__k_minus_1,0.81477255463226594,10,rsg|10|200|50
rsg,10,200,50,KMeans,MDS,25_percent,MDS__25_percent,0.75409725687639551,10,rsg|10|200|50
rsg,10,200,50,KMeans,MDS,50_percent,MDS__50_percent,0.75409725687639551,10,rsg|10|200|50
rsg,10,200,50,KMeans,MDS,k_minus_1,MDS__k_minus_1,0.85706805040912892,10,rsg|10|200|50
rsg,10,200,50,KMeans,None,original,None__original,0.75409725687639551,10,rsg|10|200|50
rsg,10,200,50,KMeans,PCA,25_percent,PCA__25_percent,0.75409725687639551,10,rsg|10|200|50
rsg,10,200,50,KMeans,PCA,50_percent,PCA__50_percent,0.75409725687639551,10,rsg|10|200|50
rsg,10,200,50,KMeans,PCA,k_minus_1,PCA__k_minus_1,0.74795086339431749,10,rsg|10|200|50
rsg,10,200,50,KMeans,VAE,25_percent,VAE__25_percent,0.62187919980392747,10,rsg|10|200|50
rsg,10,200,50,KMeans,VAE,50_percent,VAE__50_percent,0.62187919980392747,10,rsg|10|200|50
rsg,10,200,50,KMeans,VAE,k_minus_1,VAE__k_minus_1,0.544867133316985,10,rsg|10|200|50
rsg,10,200,50,OPTICS,Isomap,25_percent,Isomap__25_percent,0.04921500695311129,10,rsg|10|200|50
rsg,10,200,50,OPTICS,Isomap,50_percent,Isomap__50_percent,0.04921500695311129,10,rsg|10|200|50
rsg,10,200,50,OPTICS,Isomap,k_minus_1,Isomap__k_minus_1,0.16006973177294706,10,rsg|10|200|50
rsg,10,200,50,OPTICS,KernelPCA,25_percent,KernelPCA__25_percent,0.025241113220098487,10,rsg|10|200|50
rsg,10,200,50,OPTICS,KernelPCA,50_percent,KernelPCA__50_percent,0.025241113220098487,10,rsg|10|200|50
rsg,10,200,50,OPTICS,KernelPCA,k_minus_1,KernelPCA__k_minus_1,0.21291895327522772,10,rsg|10|200|50
rsg,10,200,50,OPTICS,MDS,25_percent,MDS__25_percent,0.057864890979338154,10,rsg|10|200|50
rsg,10,200,50,OPTICS,MDS,50_percent,MDS__50_percent,0.057864890979338154,10,rsg|10|200|50
rsg,10,200,50,OPTICS,MDS,k_minus_1,MDS__k_minus_1,0.17401698328719239,10,rsg|10|200|50
rsg,10,200,50,OPTICS,None,original,None__original,0.057864890979338154,10,rsg|10|200|50
rsg,10,200,50,OPTICS,PCA,25_percent,PCA__25_percent,0.057825853220264858,10,rsg|10|200|50
rsg,10,200,50,OPTICS,PCA,50_percent,PCA__50_percent,0.057825853220264858,10,rsg|10|200|50
rsg,10,200,50,OPTICS,PCA,k_minus_1,PCA__k_minus_1,0.26857471104718089,10,rsg|10|200|50
rsg,10,200,50,OPTICS,VAE,25_percent,VAE__25_percent,0.16170929844761525,10,rsg|10|200|50
rsg,10,200,50,OPTICS,VAE,50_percent,VAE__50_percent,0.16170929844761525,10,rsg|10|200|50
rsg,10,200,50,OPTICS,VAE,k_minus_1,VAE__k_minus_1,0.17083314510888165,10,rsg|10|200|50
rsg,10,200,500,AHC,Isomap,25_percent,Isomap__25_percent,1,10,rsg|10|200|500
rsg,10,200,500,AHC,Isomap,50_percent,Isomap__50_percent,1,10,rsg|10|200|500
rsg,10,200,500,AHC,Isomap,k_minus_1,Isomap__k_minus_1,1,10,rsg|10|200|500
rsg,10,200,500,AHC,KernelPCA,25_percent,KernelPCA__25_percent,0.97508216512997703,10,rsg|10|200|500
rsg,10,200,500,AHC,KernelPCA,50_percent,KernelPCA__50_percent,0.99690843621306002,10,rsg|10|200|500
rsg,10,200,500,AHC,KernelPCA,k_minus_1,KernelPCA__k_minus_1,0.77322075296887971,10,rsg|10|200|500
rsg,10,200,500,AHC,MDS,25_percent,MDS__25_percent,0.70003244494117123,10,rsg|10|200|500
rsg,10,200,500,AHC,MDS,50_percent,MDS__50_percent,0.70003244494117123,10,rsg|10|200|500
rsg,10,200,500,AHC,MDS,k_minus_1,MDS__k_minus_1,0.92558167037526629,10,rsg|10|200|500
rsg,10,200,500,AHC,None,original,None__original,0.70003244494117123,10,rsg|10|200|500
rsg,10,200,500,AHC,PCA,25_percent,PCA__25_percent,0.70003244494117123,10,rsg|10|200|500
rsg,10,200,500,AHC,PCA,50_percent,PCA__50_percent,0.70003244494117123,10,rsg|10|200|500
rsg,10,200,500,AHC,PCA,k_minus_1,PCA__k_minus_1,0.62885421152634902,10,rsg|10|200|500
rsg,10,200,500,AHC,VAE,25_percent,VAE__25_percent,0.95914129882891375,10,rsg|10|200|500
rsg,10,200,500,AHC,VAE,50_percent,VAE__50_percent,1,10,rsg|10|200|500
rsg,10,200,500,AHC,VAE,k_minus_1,VAE__k_minus_1,0.92312868374314427,10,rsg|10|200|500
rsg,10,200,500,GMM,Isomap,25_percent,Isomap__25_percent,0.94885838762602803,10,rsg|10|200|500
rsg,10,200,500,GMM,Isomap,50_percent,Isomap__50_percent,0.98483865210384169,10,rsg|10|200|500
rsg,10,200,500,GMM,Isomap,k_minus_1,Isomap__k_minus_1,1,10,rsg|10|200|500
rsg,10,200,500,GMM,KernelPCA,25_percent,KernelPCA__25_percent,0.99866495259804378,10,rsg|10|200|500
rsg,10,200,500,GMM,KernelPCA,50_percent,KernelPCA__50_percent,0.90796250931518441,10,rsg|10|200|500
rsg,10,200,500,GMM,KernelPCA,k_minus_1,KernelPCA__k_minus_1,1,10,rsg|10|200|500
rsg,10,200,500,GMM,MDS,25_percent,MDS__25_percent,0.96604710790659321,10,rsg|10|200|500
rsg,10,200,500,GMM,MDS,50_percent,MDS__50_percent,0.8397519965354302,10,rsg|10|200|500
rsg,10,200,500,GMM,MDS,k_minus_1,MDS__k_minus_1,0.98372800339380806,10,rsg|10|200|500
rsg,10,200,500,GMM,None,original,None__original,0.8397519965354302,10,rsg|10|200|500
rsg,10,200,500,GMM,PCA,25_percent,PCA__25_percent,0.96604710790659321,10,rsg|10|200|500
rsg,10,200,500,GMM,PCA,50_percent,PCA__50_percent,0.8397519965354302,10,rsg|10|200|500
rsg,10,200,500,GMM,PCA,k_minus_1,PCA__k_minus_1,1,10,rsg|10|200|500
rsg,10,200,500,GMM,VAE,25_percent,VAE__25_percent,0.97749241041165824,10,rsg|10|200|500
rsg,10,200,500,GMM,VAE,50_percent,VAE__50_percent,1,10,rsg|10|200|500
rsg,10,200,500,GMM,VAE,k_minus_1,VAE__k_minus_1,0.98221563564981051,10,rsg|10|200|500
rsg,10,200,500,KMeans,Isomap,25_percent,Isomap__25_percent,1,10,rsg|10|200|500
rsg,10,200,500,KMeans,Isomap,50_percent,Isomap__50_percent,1,10,rsg|10|200|500
rsg,10,200,500,KMeans,Isomap,k_minus_1,Isomap__k_minus_1,1,10,rsg|10|200|500
rsg,10,200,500,KMeans,KernelPCA,25_percent,KernelPCA__25_percent,0.90435690681051673,10,rsg|10|200|500
rsg,10,200,500,KMeans,KernelPCA,50_percent,KernelPCA__50_percent,0.90854820572528605,10,rsg|10|200|500
rsg,10,200,500,KMeans,KernelPCA,k_minus_1,KernelPCA__k_minus_1,0.6385538331273467,10,rsg|10|200|500
rsg,10,200,500,KMeans,MDS,25_percent,MDS__25_percent,0.87333781323839954,10,rsg|10|200|500
rsg,10,200,500,KMeans,MDS,50_percent,MDS__50_percent,0.87333781323839954,10,rsg|10|200|500
rsg,10,200,500,KMeans,MDS,k_minus_1,MDS__k_minus_1,0.78224580675546984,10,rsg|10|200|500
rsg,10,200,500,KMeans,None,original,None__original,0.87333781323839954,10,rsg|10|200|500
rsg,10,200,500,KMeans,PCA,25_percent,PCA__25_percent,0.87333781323839954,10,rsg|10|200|500
rsg,10,200,500,KMeans,PCA,50_percent,PCA__50_percent,0.87333781323839954,10,rsg|10|200|500
rsg,10,200,500,KMeans,PCA,k_minus_1,PCA__k_minus_1,0.5508455930785463,10,rsg|10|200|500
rsg,10,200,500,KMeans,VAE,25_percent,VAE__25_percent,0.96177534201365289,10,rsg|10|200|500
rsg,10,200,500,KMeans,VAE,50_percent,VAE__50_percent,0.99955193466432635,10,rsg|10|200|500
rsg,10,200,500,KMeans,VAE,k_minus_1,VAE__k_minus_1,0.90773652361178336,10,rsg|10|200|500
rsg,10,200,500,OPTICS,Isomap,25_percent,Isomap__25_percent,0.95871703731298863,10,rsg|10|200|500
rsg,10,200,500,OPTICS,Isomap,50_percent,Isomap__50_percent,0.915137846775397,10,rsg|10|200|500
rsg,10,200,500,OPTICS,Isomap,k_minus_1,Isomap__k_minus_1,0.99955193466432635,10,rsg|10|200|500
rsg,10,200,500,OPTICS,KernelPCA,25_percent,KernelPCA__25_percent,0.38788470493386662,10,rsg|10|200|500
rsg,10,200,500,OPTICS,KernelPCA,50_percent,KernelPCA__50_percent,0.988537339480421,10,rsg|10|200|500
rsg,10,200,500,OPTICS,KernelPCA,k_minus_1,KernelPCA__k_minus_1,0.61196510014011207,10,rsg|10|200|500
rsg,10,200,500,OPTICS,MDS,25_percent,MDS__25_percent,0.94090590748558467,10,rsg|10|200|500
rsg,10,200,500,OPTICS,MDS,50_percent,MDS__50_percent,0.94134885851545869,10,rsg|10|200|500
rsg,10,200,500,OPTICS,MDS,k_minus_1,MDS__k_minus_1,0.84456980906084489,10,rsg|10|200|500
rsg,10,200,500,OPTICS,None,original,None__original,0.94090590748558467,10,rsg|10|200|500
rsg,10,200,500,OPTICS,PCA,25_percent,PCA__25_percent,0.94134885851545869,10,rsg|10|200|500
rsg,10,200,500,OPTICS,PCA,50_percent,PCA__50_percent,0.94134885851545869,10,rsg|10|200|500
rsg,10,200,500,OPTICS,PCA,k_minus_1,PCA__k_minus_1,0.45070100064551522,10,rsg|10|200|500
rsg,10,200,500,OPTICS,VAE,25_percent,VAE__25_percent,0.9593918826931308,10,rsg|10|200|500
rsg,10,200,500,OPTICS,VAE,50_percent,VAE__50_percent,0.99354482769169439,10,rsg|10|200|500
rsg,10,200,500,OPTICS,VAE,k_minus_1,VAE__k_minus_1,0.85178883255621807,10,rsg|10|200|500
rsg,10,200,1000,AHC,Isomap,25_percent,Isomap__25_percent,0.99955601596548649,10,rsg|10|200|1000
rsg,10,200,1000,AHC,Isomap,50_percent,Isomap__50_percent,0.99955601596548649,10,rsg|10|200|1000
rsg,10,200,1000,AHC,Isomap,k_minus_1,Isomap__k_minus_1,1,10,rsg|10|200|1000
rsg,10,200,1000,AHC,KernelPCA,25_percent,KernelPCA__25_percent,0.96982983061455796,10,rsg|10|200|1000
rsg,10,200,1000,AHC,KernelPCA,50_percent,KernelPCA__50_percent,0.98702497227640085,10,rsg|10|200|1000
rsg,10,200,1000,AHC,KernelPCA,k_minus_1,KernelPCA__k_minus_1,0.70443698242042907,10,rsg|10|200|1000
rsg,10,200,1000,AHC,MDS,25_percent,MDS__25_percent,0.10003956115287579,10,rsg|10|200|1000
rsg,10,200,1000,AHC,MDS,50_percent,MDS__50_percent,0.10003956115287579,10,rsg|10|200|1000
rsg,10,200,1000,AHC,MDS,k_minus_1,MDS__k_minus_1,0.58959801460780981,10,rsg|10|200|1000
rsg,10,200,1000,AHC,None,original,None__original,0.10002743125634417,10,rsg|10|200|1000
rsg,10,200,1000,AHC,PCA,25_percent,PCA__25_percent,0.10003956115287579,10,rsg|10|200|1000
rsg,10,200,1000,AHC,PCA,50_percent,PCA__50_percent,0.10003956115287579,10,rsg|10|200|1000
rsg,10,200,1000,AHC,PCA,k_minus_1,PCA__k_minus_1,0.13049288867081199,10,rsg|10|200|1000
rsg,10,200,1000,AHC,VAE,25_percent,VAE__25_percent,0.96955367507316603,10,rsg|10|200|1000
rsg,10,200,1000,AHC,VAE,50_percent,VAE__50_percent,0.99977688079369786,10,rsg|10|200|1000
rsg,10,200,1000,AHC,VAE,k_minus_1,VAE__k_minus_1,0.96399163758341155,10,rsg|10|200|1000
rsg,10,200,1000,GMM,Isomap,25_percent,Isomap__25_percent,1,10,rsg|10|200|1000
rsg,10,200,1000,GMM,Isomap,50_percent,Isomap__50_percent,0.85794838166749388,10,rsg|10|200|1000
rsg,10,200,1000,GMM,Isomap,k_minus_1,Isomap__k_minus_1,0.99866017160336429,10,rsg|10|200|1000
rsg,10,200,1000,GMM,KernelPCA,25_percent,KernelPCA__25_percent,0.98687128161399917,10,rsg|10|200|1000
rsg,10,200,1000,GMM,KernelPCA,50_percent,KernelPCA__50_percent,0.94447241332905685,10,rsg|10|200|1000
rsg,10,200,1000,GMM,KernelPCA,k_minus_1,KernelPCA__k_minus_1,0.99888440798005573,10,rsg|10|200|1000
rsg,10,200,1000,GMM,MDS,25_percent,MDS__25_percent,0.96870085908251935,10,rsg|10|200|1000
rsg,10,200,1000,GMM,MDS,50_percent,MDS__50_percent,0.96870085908251935,10,rsg|10|200|1000
rsg,10,200,1000,GMM,MDS,k_minus_1,MDS__k_minus_1,0.99709508826821425,10,rsg|10|200|1000
rsg,10,200,1000,GMM,None,original,None__original,0.79779988747001307,10,rsg|10|200|1000
rsg,10,200,1000,GMM,PCA,25_percent,PCA__25_percent,0.96870085908251935,10,rsg|10|200|1000
rsg,10,200,1000,GMM,PCA,50_percent,PCA__50_percent,0.96870085908251935,10,rsg|10|200|1000
rsg,10,200,1000,GMM,PCA,k_minus_1,PCA__k_minus_1,1,10,rsg|10|200|1000
rsg,10,200,1000,GMM,VAE,25_percent,VAE__25_percent,0.9810301760942336,10,rsg|10|200|1000
rsg,10,200,1000,GMM,VAE,50_percent,VAE__50_percent,0.99977688079369786,10,rsg|10|200|1000
rsg,10,200,1000,GMM,VAE,k_minus_1,VAE__k_minus_1,0.99148373248496691,10,rsg|10|200|1000
rsg,10,200,1000,KMeans,Isomap,25_percent,Isomap__25_percent,1,10,rsg|10|200|1000
rsg,10,200,1000,KMeans,Isomap,50_percent,Isomap__50_percent,1,10,rsg|10|200|1000
rsg,10,200,1000,KMeans,Isomap,k_minus_1,Isomap__k_minus_1,1,10,rsg|10|200|1000
rsg,10,200,1000,KMeans,KernelPCA,25_percent,KernelPCA__25_percent,0.69828705001545477,10,rsg|10|200|1000
rsg,10,200,1000,KMeans,KernelPCA,50_percent,KernelPCA__50_percent,0.64078608279306282,10,rsg|10|200|1000
rsg,10,200,1000,KMeans,KernelPCA,k_minus_1,KernelPCA__k_minus_1,0.56868808541514837,10,rsg|10|200|1000
rsg,10,200,1000,KMeans,MDS,25_percent,MDS__25_percent,0.66188978631111983,10,rsg|10|200|1000
rsg,10,200,1000,KMeans,MDS,50_percent,MDS__50_percent,0.66188978631111983,10,rsg|10|200|1000
rsg,10,200,1000,KMeans,MDS,k_minus_1,MDS__k_minus_1,0.51194933754658734,10,rsg|10|200|1000
rsg,10,200,1000,KMeans,None,original,None__original,0.66188978631111983,10,rsg|10|200|1000
rsg,10,200,1000,KMeans,PCA,25_percent,PCA__25_percent,0.66188978631111983,10,rsg|10|200|1000
rsg,10,200,1000,KMeans,PCA,50_percent,PCA__50_percent,0.66188978631111983,10,rsg|10|200|1000
rsg,10,200,1000,KMeans,PCA,k_minus_1,PCA__k_minus_1,0.34223066781418354,10,rsg|10|200|1000
rsg,10,200,1000,KMeans,VAE,25_percent,VAE__25_percent,0.96353932616489391,10,rsg|10|200|1000
rsg,10,200,1000,KMeans,VAE,50_percent,VAE__50_percent,0.99977688079369786,10,rsg|10|200|1000
rsg,10,200,1000,KMeans,VAE,k_minus_1,VAE__k_minus_1,0.94167377461472201,10,rsg|10|200|1000
rsg,10,200,1000,OPTICS,Isomap,25_percent,Isomap__25_percent,0.78631815073684952,10,rsg|10|200|1000
rsg,10,200,1000,OPTICS,Isomap,50_percent,Isomap__50_percent,0.46386336965053765,10,rsg|10|200|1000
rsg,10,200,1000,OPTICS,Isomap,k_minus_1,Isomap__k_minus_1,1,10,rsg|10|200|1000
rsg,10,200,1000,OPTICS,KernelPCA,25_percent,KernelPCA__25_percent,0.025482079827780467,10,rsg|10|200|1000
rsg,10,200,1000,OPTICS,KernelPCA,50_percent,KernelPCA__50_percent,0.35520703077784554,10,rsg|10|200|1000
rsg,10,200,1000,OPTICS,KernelPCA,k_minus_1,KernelPCA__k_minus_1,0.081050836081827171,10,rsg|10|200|1000
rsg,10,200,1000,OPTICS,MDS,25_percent,MDS__25_percent,0.58769327586826614,10,rsg|10|200|1000
rsg,10,200,1000,OPTICS,MDS,50_percent,MDS__50_percent,0.58769327586826614,10,rsg|10|200|1000
rsg,10,200,1000,OPTICS,MDS,k_minus_1,MDS__k_minus_1,0.17278644450265626,10,rsg|10|200|1000
rsg,10,200,1000,OPTICS,None,original,None__original,0.58769327586826614,10,rsg|10|200|1000
rsg,10,200,1000,OPTICS,PCA,25_percent,PCA__25_percent,0.58769327586826614,10,rsg|10|200|1000
rsg,10,200,1000,OPTICS,PCA,50_percent,PCA__50_percent,0.58769327586826614,10,rsg|10|200|1000
rsg,10,200,1000,OPTICS,PCA,k_minus_1,PCA__k_minus_1,0.012329388232705702,10,rsg|10|200|1000
rsg,10,200,1000,OPTICS,VAE,25_percent,VAE__25_percent,0.82173325211165849,10,rsg|10|200|1000
rsg,10,200,1000,OPTICS,VAE,50_percent,VAE__50_percent,0.98511233707207224,10,rsg|10|200|1000
rsg,10,200,1000,OPTICS,VAE,k_minus_1,VAE__k_minus_1,0.69829566316722713,10,rsg|10|200|1000
rsg,50,10,250,AHC,Isomap,25_percent,Isomap__25_percent,0.39693576332029828,9,rsg|50|10|250
rsg,50,10,250,AHC,Isomap,50_percent,Isomap__50_percent,0.53737684462716451,9,rsg|50|10|250
rsg,50,10,250,AHC,Isomap,k_minus_1,Isomap__k_minus_1,0.6140337322091316,9,rsg|50|10|250
rsg,50,10,250,AHC,KernelPCA,25_percent,KernelPCA__25_percent,0.28430216153642734,9,rsg|50|10|250
rsg,50,10,250,AHC,KernelPCA,50_percent,KernelPCA__50_percent,0.48264763910753927,9,rsg|50|10|250
rsg,50,10,250,AHC,KernelPCA,k_minus_1,KernelPCA__k_minus_1,0.65414663239902837,9,rsg|50|10|250
rsg,50,10,250,AHC,MDS,25_percent,MDS__25_percent,0.31919391472250147,9,rsg|50|10|250
rsg,50,10,250,AHC,MDS,50_percent,MDS__50_percent,0.49536615535041317,9,rsg|50|10|250
rsg,50,10,250,AHC,MDS,k_minus_1,MDS__k_minus_1,0.65584500179516347,9,rsg|50|10|250
rsg,50,10,250,AHC,None,original,None__original,0.68035906701909954,9,rsg|50|10|250
rsg,50,10,250,AHC,PCA,25_percent,PCA__25_percent,0.24982354474543106,9,rsg|50|10|250
rsg,50,10,250,AHC,PCA,50_percent,PCA__50_percent,0.44997539777561091,9,rsg|50|10|250
rsg,50,10,250,AHC,PCA,k_minus_1,PCA__k_minus_1,0.65496307513547392,9,rsg|50|10|250
rsg,50,10,250,AHC,VAE,25_percent,VAE__25_percent,0.26029223466777462,9,rsg|50|10|250
rsg,50,10,250,AHC,VAE,50_percent,VAE__50_percent,0.35040937822916696,9,rsg|50|10|250
rsg,50,10,250,AHC,VAE,k_minus_1,VAE__k_minus_1,0.38796434321503676,9,rsg|50|10|250
rsg,50,10,250,GMM,Isomap,25_percent,Isomap__25_percent,0.38160320497072808,9,rsg|50|10|250
rsg,50,10,250,GMM,Isomap,50_percent,Isomap__50_percent,0.51206668025441004,9,rsg|50|10|250
rsg,50,10,250,GMM,Isomap,k_minus_1,Isomap__k_minus_1,0.59962229648127774,9,rsg|50|10|250
rsg,50,10,250,GMM,KernelPCA,25_percent,KernelPCA__25_percent,0.28881341808107064,9,rsg|50|10|250
rsg,50,10,250,GMM,KernelPCA,50_percent,KernelPCA__50_percent,0.43951292161192484,9,rsg|50|10|250
rsg,50,10,250,GMM,KernelPCA,k_minus_1,KernelPCA__k_minus_1,0.61041294400852408,9,rsg|50|10|250
rsg,50,10,250,GMM,MDS,25_percent,MDS__25_percent,0.30741106720249106,9,rsg|50|10|250
rsg,50,10,250,GMM,MDS,50_percent,MDS__50_percent,0.4480317593328611,9,rsg|50|10|250
rsg,50,10,250,GMM,MDS,k_minus_1,MDS__k_minus_1,0.59256493671731691,9,rsg|50|10|250
rsg,50,10,250,GMM,None,original,None__original,0.59106617332208655,9,rsg|50|10|250
rsg,50,10,250,GMM,PCA,25_percent,PCA__25_percent,0.24610972070331696,9,rsg|50|10|250
rsg,50,10,250,GMM,PCA,50_percent,PCA__50_percent,0.40009040372029048,9,rsg|50|10|250
rsg,50,10,250,GMM,PCA,k_minus_1,PCA__k_minus_1,0.59800943448315891,9,rsg|50|10|250
rsg,50,10,250,GMM,VAE,25_percent,VAE__25_percent,0.25130727204269887,9,rsg|50|10|250
rsg,50,10,250,GMM,VAE,50_percent,VAE__50_percent,0.34372273130259934,9,rsg|50|10|250
rsg,50,10,250,GMM,VAE,k_minus_1,VAE__k_minus_1,0.42825888849971622,9,rsg|50|10|250
rsg,50,10,250,KMeans,Isomap,25_percent,Isomap__25_percent,0.38931651210184881,9,rsg|50|10|250
rsg,50,10,250,KMeans,Isomap,50_percent,Isomap__50_percent,0.53527822361813315,9,rsg|50|10|250
rsg,50,10,250,KMeans,Isomap,k_minus_1,Isomap__k_minus_1,0.59870944656285285,9,rsg|50|10|250
rsg,50,10,250,KMeans,KernelPCA,25_percent,KernelPCA__25_percent,0.29473877661807868,9,rsg|50|10|250
rsg,50,10,250,KMeans,KernelPCA,50_percent,KernelPCA__50_percent,0.45050861543307985,9,rsg|50|10|250
rsg,50,10,250,KMeans,KernelPCA,k_minus_1,KernelPCA__k_minus_1,0.63132254407001653,9,rsg|50|10|250
rsg,50,10,250,KMeans,MDS,25_percent,MDS__25_percent,0.31743695313342296,9,rsg|50|10|250
rsg,50,10,250,KMeans,MDS,50_percent,MDS__50_percent,0.48016542519514549,9,rsg|50|10|250
rsg,50,10,250,KMeans,MDS,k_minus_1,MDS__k_minus_1,0.63258339258935004,9,rsg|50|10|250
rsg,50,10,250,KMeans,None,original,None__original,0.66577329053502965,9,rsg|50|10|250
rsg,50,10,250,KMeans,PCA,25_percent,PCA__25_percent,0.25223121335355486,9,rsg|50|10|250
rsg,50,10,250,KMeans,PCA,50_percent,PCA__50_percent,0.43578142961733629,9,rsg|50|10|250
rsg,50,10,250,KMeans,PCA,k_minus_1,PCA__k_minus_1,0.63315383927744995,9,rsg|50|10|250
rsg,50,10,250,KMeans,VAE,25_percent,VAE__25_percent,0.2651948872054351,9,rsg|50|10|250
rsg,50,10,250,KMeans,VAE,50_percent,VAE__50_percent,0.35020899563610303,9,rsg|50|10|250
rsg,50,10,250,KMeans,VAE,k_minus_1,VAE__k_minus_1,0.38427887686302409,9,rsg|50|10|250
rsg,50,10,250,OPTICS,Isomap,25_percent,Isomap__25_percent,0.082368284065543043,9,rsg|50|10|250
rsg,50,10,250,OPTICS,Isomap,50_percent,Isomap__50_percent,0.077618313015361512,9,rsg|50|10|250
rsg,50,10,250,OPTICS,Isomap,k_minus_1,Isomap__k_minus_1,0.060015136264703978,9,rsg|50|10|250
rsg,50,10,250,OPTICS,KernelPCA,25_percent,KernelPCA__25_percent,0.043119130349114958,9,rsg|50|10|250
rsg,50,10,250,OPTICS,KernelPCA,50_percent,KernelPCA__50_percent,0.038092546380321321,9,rsg|50|10|250
rsg,50,10,250,OPTICS,KernelPCA,k_minus_1,KernelPCA__k_minus_1,0.038003786410458956,9,rsg|50|10|250
rsg,50,10,250,OPTICS,MDS,25_percent,MDS__25_percent,0.028354836705567869,9,rsg|50|10|250
rsg,50,10,250,OPTICS,MDS,50_percent,MDS__50_percent,0.0096037790486763336,9,rsg|50|10|250
rsg,50,10,250,OPTICS,MDS,k_minus_1,MDS__k_minus_1,0.010380797754303868,9,rsg|50|10|250
rsg,50,10,250,OPTICS,None,original,None__original,0.0070455206762638674,9,rsg|50|10|250
rsg,50,10,250,OPTICS,PCA,25_percent,PCA__25_percent,0.031331463175470392,9,rsg|50|10|250
rsg,50,10,250,OPTICS,PCA,50_percent,PCA__50_percent,0.013503208246666867,9,rsg|50|10|250
rsg,50,10,250,OPTICS,PCA,k_minus_1,PCA__k_minus_1,0.0034871139267102116,9,rsg|50|10|250
rsg,50,10,250,OPTICS,VAE,25_percent,VAE__25_percent,0.045318107734874949,9,rsg|50|10|250
rsg,50,10,250,OPTICS,VAE,50_percent,VAE__50_percent,0.040226298941530972,9,rsg|50|10|250
rsg,50,10,250,OPTICS,VAE,k_minus_1,VAE__k_minus_1,0.0264681689501234,9,rsg|50|10|250
rsg,50,10,2500,AHC,Isomap,25_percent,Isomap__25_percent,0.45664838026895926,10,rsg|50|10|2500
rsg,50,10,2500,AHC,Isomap,50_percent,Isomap__50_percent,0.65119486415748717,10,rsg|50|10|2500
rsg,50,10,2500,AHC,Isomap,k_minus_1,Isomap__k_minus_1,0.79489107369167211,10,rsg|50|10|2500
rsg,50,10,2500,AHC,KernelPCA,25_percent,KernelPCA__25_percent,0.18839436838726956,10,rsg|50|10|2500
rsg,50,10,2500,AHC,KernelPCA,50_percent,KernelPCA__50_percent,0.33580309942012732,10,rsg|50|10|2500
rsg,50,10,2500,AHC,KernelPCA,k_minus_1,KernelPCA__k_minus_1,0.5338985003956187,10,rsg|50|10|2500
rsg,50,10,2500,AHC,MDS,25_percent,MDS__25_percent,0.19968085176079448,10,rsg|50|10|2500
rsg,50,10,2500,AHC,MDS,50_percent,MDS__50_percent,0.34604756729877673,10,rsg|50|10|2500
rsg,50,10,2500,AHC,MDS,k_minus_1,MDS__k_minus_1,0.55103487385039884,10,rsg|50|10|2500
rsg,50,10,2500,AHC,None,original,None__original,0.59477430193531822,10,rsg|50|10|2500
rsg,50,10,2500,AHC,PCA,25_percent,PCA__25_percent,0.1810634278006962,10,rsg|50|10|2500
rsg,50,10,2500,AHC,PCA,50_percent,PCA__50_percent,0.32774199791001635,10,rsg|50|10|2500
rsg,50,10,2500,AHC,PCA,k_minus_1,PCA__k_minus_1,0.54674117332464567,10,rsg|50|10|2500
rsg,50,10,2500,AHC,VAE,25_percent,VAE__25_percent,0.20617930553881442,10,rsg|50|10|2500
rsg,50,10,2500,AHC,VAE,50_percent,VAE__50_percent,0.30620912580525006,10,rsg|50|10|2500
rsg,50,10,2500,AHC,VAE,k_minus_1,VAE__k_minus_1,0.27704968744625946,10,rsg|50|10|2500
rsg,50,10,2500,GMM,Isomap,25_percent,Isomap__25_percent,0.44825734058250022,10,rsg|50|10|2500
rsg,50,10,2500,GMM,Isomap,50_percent,Isomap__50_percent,0.68242422051930141,10,rsg|50|10|2500
rsg,50,10,2500,GMM,Isomap,k_minus_1,Isomap__k_minus_1,0.78448901602623988,10,rsg|50|10|2500
rsg,50,10,2500,GMM,KernelPCA,25_percent,KernelPCA__25_percent,0.18879857470764577,10,rsg|50|10|2500
rsg,50,10,2500,GMM,KernelPCA,50_percent,KernelPCA__50_percent,0.36075956018752486,10,rsg|50|10|2500
rsg,50,10,2500,GMM,KernelPCA,k_minus_1,KernelPCA__k_minus_1,0.93142098488119718,10,rsg|50|10|2500
rsg,50,10,2500,GMM,MDS,25_percent,MDS__25_percent,0.20269389610985766,10,rsg|50|10|2500
rsg,50,10,2500,GMM,MDS,50_percent,MDS__50_percent,0.60018874349915219,10,rsg|50|10|2500
rsg,50,10,2500,GMM,MDS,k_minus_1,MDS__k_minus_1,0.94984055698918968,10,rsg|50|10|2500
rsg,50,10,2500,GMM,None,original,None__original,0.96209101758954085,10,rsg|50|10|2500
rsg,50,10,2500,GMM,PCA,25_percent,PCA__25_percent,0.17297014681230546,10,rsg|50|10|2500
rsg,50,10,2500,GMM,PCA,50_percent,PCA__50_percent,0.90882527792497214,10,rsg|50|10|2500
rsg,50,10,2500,GMM,PCA,k_minus_1,PCA__k_minus_1,0.96553881503929939,10,rsg|50|10|2500
rsg,50,10,2500,GMM,VAE,25_percent,VAE__25_percent,0.20032424120248407,10,rsg|50|10|2500
rsg,50,10,2500,GMM,VAE,50_percent,VAE__50_percent,0.45556298315245491,10,rsg|50|10|2500
rsg,50,10,2500,GMM,VAE,k_minus_1,VAE__k_minus_1,0.2692601603347114,10,rsg|50|10|2500
rsg,50,10,2500,KMeans,Isomap,25_percent,Isomap__25_percent,0.46094393800892453,10,rsg|50|10|2500
rsg,50,10,2500,KMeans,Isomap,50_percent,Isomap__50_percent,0.65672807624699381,10,rsg|50|10|2500
rsg,50,10,2500,KMeans,Isomap,k_minus_1,Isomap__k_minus_1,0.77063385385235994,10,rsg|50|10|2500
rsg,50,10,2500,KMeans,KernelPCA,25_percent,KernelPCA__25_percent,0.19015843344030059,10,rsg|50|10|2500
rsg,50,10,2500,KMeans,KernelPCA,50_percent,KernelPCA__50_percent,0.33945903838182589,10,rsg|50|10|2500
rsg,50,10,2500,KMeans,KernelPCA,k_minus_1,KernelPCA__k_minus_1,0.49259516966631811,10,rsg|50|10|2500
rsg,50,10,2500,KMeans,MDS,25_percent,MDS__25_percent,0.20329313977188387,10,rsg|50|10|2500
rsg,50,10,2500,KMeans,MDS,50_percent,MDS__50_percent,0.34158960205526812,10,rsg|50|10|2500
rsg,50,10,2500,KMeans,MDS,k_minus_1,MDS__k_minus_1,0.51466030446031952,10,rsg|50|10|2500
rsg,50,10,2500,KMeans,None,original,None__original,0.53457765018312275,10,rsg|50|10|2500
rsg,50,10,2500,KMeans,PCA,25_percent,PCA__25_percent,0.18039570382021147,10,rsg|50|10|2500
rsg,50,10,2500,KMeans,PCA,50_percent,PCA__50_percent,0.31594752130642206,10,rsg|50|10|2500
rsg,50,10,2500,KMeans,PCA,k_minus_1,PCA__k_minus_1,0.50936227788113075,10,rsg|50|10|2500
rsg,50,10,2500,KMeans,VAE,25_percent,VAE__25_percent,0.21188813639155718,10,rsg|50|10|2500
rsg,50,10,2500,KMeans,VAE,50_percent,VAE__50_percent,0.29889575945064656,10,rsg|50|10|2500
rsg,50,10,2500,KMeans,VAE,k_minus_1,VAE__k_minus_1,0.27991101459032641,10,rsg|50|10|2500
rsg,50,10,2500,OPTICS,Isomap,25_percent,Isomap__25_percent,0.010657411178630689,10,rsg|50|10|2500
rsg,50,10,2500,OPTICS,Isomap,50_percent,Isomap__50_percent,0.023273087692032991,10,rsg|50|10|2500
rsg,50,10,2500,OPTICS,Isomap,k_minus_1,Isomap__k_minus_1,0.035385054467849751,10,rsg|50|10|2500
rsg,50,10,2500,OPTICS,KernelPCA,25_percent,KernelPCA__25_percent,0,10,rsg|50|10|2500
rsg,50,10,2500,OPTICS,KernelPCA,50_percent,KernelPCA__50_percent,0,10,rsg|50|10|2500
rsg,50,10,2500,OPTICS,KernelPCA,k_minus_1,KernelPCA__k_minus_1,0,10,rsg|50|10|2500
rsg,50,10,2500,OPTICS,MDS,25_percent,MDS__25_percent,0,10,rsg|50|10|2500
rsg,50,10,2500,OPTICS,MDS,50_percent,MDS__50_percent,0,10,rsg|50|10|2500
rsg,50,10,2500,OPTICS,MDS,k_minus_1,MDS__k_minus_1,0,10,rsg|50|10|2500
rsg,50,10,2500,OPTICS,None,original,None__original,0,10,rsg|50|10|2500
rsg,50,10,2500,OPTICS,PCA,25_percent,PCA__25_percent,0,10,rsg|50|10|2500
rsg,50,10,2500,OPTICS,PCA,50_percent,PCA__50_percent,0,10,rsg|50|10|2500
rsg,50,10,2500,OPTICS,PCA,k_minus_1,PCA__k_minus_1,0,10,rsg|50|10|2500
rsg,50,10,2500,OPTICS,VAE,25_percent,VAE__25_percent,0,10,rsg|50|10|2500
rsg,50,10,2500,OPTICS,VAE,50_percent,VAE__50_percent,0,10,rsg|50|10|2500
rsg,50,10,2500,OPTICS,VAE,k_minus_1,VAE__k_minus_1,0,10,rsg|50|10|2500
rsg,50,10,5000,AHC,Isomap,25_percent,Isomap__25_percent,0.54469902087422217,10,rsg|50|10|5000
rsg,50,10,5000,AHC,Isomap,50_percent,Isomap__50_percent,0.75876808235212723,10,rsg|50|10|5000
rsg,50,10,5000,AHC,Isomap,k_minus_1,Isomap__k_minus_1,0.86403262243839263,10,rsg|50|10|5000
rsg,50,10,5000,AHC,KernelPCA,25_percent,KernelPCA__25_percent,0.18756726379977007,10,rsg|50|10|5000
rsg,50,10,5000,AHC,KernelPCA,50_percent,KernelPCA__50_percent,0.34050599757141181,10,rsg|50|10|5000
rsg,50,10,5000,AHC,KernelPCA,k_minus_1,KernelPCA__k_minus_1,0.54429308129434495,10,rsg|50|10|5000
rsg,50,10,5000,AHC,MDS,25_percent,MDS__25_percent,0.18909690296883089,10,rsg|50|10|5000
rsg,50,10,5000,AHC,MDS,50_percent,MDS__50_percent,0.36652259338859366,10,rsg|50|10|5000
rsg,50,10,5000,AHC,MDS,k_minus_1,MDS__k_minus_1,0.57788917018548414,10,rsg|50|10|5000
rsg,50,10,5000,AHC,None,original,None__original,0.60427605963532238,10,rsg|50|10|5000
rsg,50,10,5000,AHC,PCA,25_percent,PCA__25_percent,0.1814684285828197,10,rsg|50|10|5000
rsg,50,10,5000,AHC,PCA,50_percent,PCA__50_percent,0.33330938386340209,10,rsg|50|10|5000
rsg,50,10,5000,AHC,PCA,k_minus_1,PCA__k_minus_1,0.56518025289416074,10,rsg|50|10|5000
rsg,50,10,5000,AHC,VAE,25_percent,VAE__25_percent,0.2176747550908314,10,rsg|50|10|5000
rsg,50,10,5000,AHC,VAE,50_percent,VAE__50_percent,0.30308072412152415,10,rsg|50|10|5000
rsg,50,10,5000,AHC,VAE,k_minus_1,VAE__k_minus_1,0.29796313814360997,10,rsg|50|10|5000
rsg,50,10,5000,GMM,Isomap,25_percent,Isomap__25_percent,0.56802169381606882,10,rsg|50|10|5000
rsg,50,10,5000,GMM,Isomap,50_percent,Isomap__50_percent,0.77545387764623608,10,rsg|50|10|5000
rsg,50,10,5000,GMM,Isomap,k_minus_1,Isomap__k_minus_1,0.85353788229020611,10,rsg|50|10|5000
rsg,50,10,5000,GMM,KernelPCA,25_percent,KernelPCA__25_percent,0.19383041815471105,10,rsg|50|10|5000
rsg,50,10,5000,GMM,KernelPCA,50_percent,KernelPCA__50_percent,0.55470877299677079,10,rsg|50|10|5000
rsg,50,10,5000,GMM,KernelPCA,k_minus_1,KernelPCA__k_minus_1,0.96559049800925811,10,rsg|50|10|5000
rsg,50,10,5000,GMM,MDS,25_percent,MDS__25_percent,0.19920199098368985,10,rsg|50|10|5000
rsg,50,10,5000,GMM,MDS,50_percent,MDS__50_percent,0.65441345974890752,10,rsg|50|10|5000
rsg,50,10,5000,GMM,MDS,k_minus_1,MDS__k_minus_1,0.96578734891964702,10,rsg|50|10|5000
rsg,50,10,5000,GMM,None,original,None__original,0.97253248161899963,10,rsg|50|10|5000
rsg,50,10,5000,GMM,PCA,25_percent,PCA__25_percent,0.17679107204388736,10,rsg|50|10|5000
rsg,50,10,5000,GMM,PCA,50_percent,PCA__50_percent,0.97637490264390758,10,rsg|50|10|5000
rsg,50,10,5000,GMM,PCA,k_minus_1,PCA__k_minus_1,0.97005220556638672,10,rsg|50|10|5000
rsg,50,10,5000,GMM,VAE,25_percent,VAE__25_percent,0.21015968446505756,10,rsg|50|10|5000
rsg,50,10,5000,GMM,VAE,50_percent,VAE__50_percent,0.57832808757078591,10,rsg|50|10|5000
rsg,50,10,5000,GMM,VAE,k_minus_1,VAE__k_minus_1,0.3776564295794268,10,rsg|50|10|5000
rsg,50,10,5000,KMeans,Isomap,25_percent,Isomap__25_percent,0.55030328822543206,10,rsg|50|10|5000
rsg,50,10,5000,KMeans,Isomap,50_percent,Isomap__50_percent,0.75230623149526865,10,rsg|50|10|5000
rsg,50,10,5000,KMeans,Isomap,k_minus_1,Isomap__k_minus_1,0.8455879240183416,10,rsg|50|10|5000
rsg,50,10,5000,KMeans,KernelPCA,25_percent,KernelPCA__25_percent,0.19495748896855689,10,rsg|50|10|5000
rsg,50,10,5000,KMeans,KernelPCA,50_percent,KernelPCA__50_percent,0.33743969247483896,10,rsg|50|10|5000
rsg,50,10,5000,KMeans,KernelPCA,k_minus_1,KernelPCA__k_minus_1,0.49323274217172913,10,rsg|50|10|5000
rsg,50,10,5000,KMeans,MDS,25_percent,MDS__25_percent,0.20019255528208327,10,rsg|50|10|5000
rsg,50,10,5000,KMeans,MDS,50_percent,MDS__50_percent,0.34401164143279256,10,rsg|50|10|5000
rsg,50,10,5000,KMeans,MDS,k_minus_1,MDS__k_minus_1,0.50160768697797553,10,rsg|50|10|5000
rsg,50,10,5000,KMeans,None,original,None__original,0.52853145067337493,10,rsg|50|10|5000
rsg,50,10,5000,KMeans,PCA,25_percent,PCA__25_percent,0.18711115544257279,10,rsg|50|10|5000
rsg,50,10,5000,KMeans,PCA,50_percent,PCA__50_percent,0.3191366143542459,10,rsg|50|10|5000
rsg,50,10,5000,KMeans,PCA,k_minus_1,PCA__k_minus_1,0.49811869534451469,10,rsg|50|10|5000
rsg,50,10,5000,KMeans,VAE,25_percent,VAE__25_percent,0.22395736373912967,10,rsg|50|10|5000
rsg,50,10,5000,KMeans,VAE,50_percent,VAE__50_percent,0.29602846273591865,10,rsg|50|10|5000
rsg,50,10,5000,KMeans,VAE,k_minus_1,VAE__k_minus_1,0.29214608215838378,10,rsg|50|10|5000
rsg,50,10,5000,OPTICS,Isomap,25_percent,Isomap__25_percent,0.01171727152170648,10,rsg|50|10|5000
rsg,50,10,5000,OPTICS,Isomap,50_percent,Isomap__50_percent,0.044684261931061481,10,rsg|50|10|5000
rsg,50,10,5000,OPTICS,Isomap,k_minus_1,Isomap__k_minus_1,0.037518716446484759,10,rsg|50|10|5000
rsg,50,10,5000,OPTICS,KernelPCA,25_percent,KernelPCA__25_percent,0,10,rsg|50|10|5000
rsg,50,10,5000,OPTICS,KernelPCA,50_percent,KernelPCA__50_percent,0,10,rsg|50|10|5000
rsg,50,10,5000,OPTICS,KernelPCA,k_minus_1,KernelPCA__k_minus_1,0,10,rsg|50|10|5000
rsg,50,10,5000,OPTICS,MDS,25_percent,MDS__25_percent,0,10,rsg|50|10|5000
rsg,50,10,5000,OPTICS,MDS,50_percent,MDS__50_percent,0,10,rsg|50|10|5000
rsg,50,10,5000,OPTICS,MDS,k_minus_1,MDS__k_minus_1,0,10,rsg|50|10|5000
rsg,50,10,5000,OPTICS,None,original,None__original,0,10,rsg|50|10|5000
rsg,50,10,5000,OPTICS,PCA,25_percent,PCA__25_percent,0,10,rsg|50|10|5000
rsg,50,10,5000,OPTICS,PCA,50_percent,PCA__50_percent,0,10,rsg|50|10|5000
rsg,50,10,5000,OPTICS,PCA,k_minus_1,PCA__k_minus_1,0,10,rsg|50|10|5000
rsg,50,10,5000,OPTICS,VAE,25_percent,VAE__25_percent,0,10,rsg|50|10|5000
rsg,50,10,5000,OPTICS,VAE,50_percent,VAE__50_percent,0,10,rsg|50|10|5000
rsg,50,10,5000,OPTICS,VAE,k_minus_1,VAE__k_minus_1,0,10,rsg|50|10|5000
rsg,50,50,250,AHC,Isomap,25_percent,Isomap__25_percent,0.63242137571521728,10,rsg|50|50|250
rsg,50,50,250,AHC,Isomap,50_percent,Isomap__50_percent,0.73068587641336769,10,rsg|50|50|250
rsg,50,50,250,AHC,Isomap,k_minus_1,Isomap__k_minus_1,0.74273850880944026,10,rsg|50|50|250
rsg,50,50,250,AHC,KernelPCA,25_percent,KernelPCA__25_percent,0.50496606158317969,10,rsg|50|50|250
rsg,50,50,250,AHC,KernelPCA,50_percent,KernelPCA__50_percent,0.62747645511515748,10,rsg|50|50|250
rsg,50,50,250,AHC,KernelPCA,k_minus_1,KernelPCA__k_minus_1,0.68425955248071302,10,rsg|50|50|250
rsg,50,50,250,AHC,MDS,25_percent,MDS__25_percent,0.68492702521926696,10,rsg|50|50|250
rsg,50,50,250,AHC,MDS,50_percent,MDS__50_percent,0.75968761908672966,10,rsg|50|50|250
rsg,50,50,250,AHC,MDS,k_minus_1,MDS__k_minus_1,0.79888197663470328,10,rsg|50|50|250
rsg,50,50,250,AHC,None,original,None__original,0.79661787985494181,10,rsg|50|50|250
rsg,50,50,250,AHC,PCA,25_percent,PCA__25_percent,0.6287251882902074,10,rsg|50|50|250
rsg,50,50,250,AHC,PCA,50_percent,PCA__50_percent,0.73127288495287845,10,rsg|50|50|250
rsg,50,50,250,AHC,PCA,k_minus_1,PCA__k_minus_1,0.79888197663470328,10,rsg|50|50|250
rsg,50,50,250,AHC,VAE,25_percent,VAE__25_percent,0.34793868227529295,10,rsg|50|50|250
rsg,50,50,250,AHC,VAE,50_percent,VAE__50_percent,0.33053504593188199,10,rsg|50|50|250
rsg,50,50,250,AHC,VAE,k_minus_1,VAE__k_minus_1,0.40147744898821836,10,rsg|50|50|250
rsg,50,50,250,GMM,Isomap,25_percent,Isomap__25_percent,0.58990029710580927,10,rsg|50|50|250
rsg,50,50,250,GMM,Isomap,50_percent,Isomap__50_percent,0.55918011516570032,10,rsg|50|50|250
rsg,50,50,250,GMM,Isomap,k_minus_1,Isomap__k_minus_1,0.50707988035744223,10,rsg|50|50|250
rsg,50,50,250,GMM,KernelPCA,25_percent,KernelPCA__25_percent,0.43295959996625105,10,rsg|50|50|250
rsg,50,50,250,GMM,KernelPCA,50_percent,KernelPCA__50_percent,0.53923367634235975,10,rsg|50|50|250
rsg,50,50,250,GMM,KernelPCA,k_minus_1,KernelPCA__k_minus_1,0.54452537191947559,10,rsg|50|50|250
rsg,50,50,250,GMM,MDS,25_percent,MDS__25_percent,0.59476302838913697,10,rsg|50|50|250
rsg,50,50,250,GMM,MDS,50_percent,MDS__50_percent,0.53565774010252876,10,rsg|50|50|250
rsg,50,50,250,GMM,MDS,k_minus_1,MDS__k_minus_1,0.56356259014688337,10,rsg|50|50|250
rsg,50,50,250,GMM,None,original,None__original,0.5808563363612278,10,rsg|50|50|250
rsg,50,50,250,GMM,PCA,25_percent,PCA__25_percent,0.51313421596646758,10,rsg|50|50|250
rsg,50,50,250,GMM,PCA,50_percent,PCA__50_percent,0.53855983772706206,10,rsg|50|50|250
rsg,50,50,250,GMM,PCA,k_minus_1,PCA__k_minus_1,0.55688489261575291,10,rsg|50|50|250
rsg,50,50,250,GMM,VAE,25_percent,VAE__25_percent,0.34622148213325854,10,rsg|50|50|250
rsg,50,50,250,GMM,VAE,50_percent,VAE__50_percent,0.32193259056352086,10,rsg|50|50|250
rsg,50,50,250,GMM,VAE,k_minus_1,VAE__k_minus_1,0.39474003901881666,10,rsg|50|50|250
rsg,50,50,250,KMeans,Isomap,25_percent,Isomap__25_percent,0.602309411101144,10,rsg|50|50|250
rsg,50,50,250,KMeans,Isomap,50_percent,Isomap__50_percent,0.64418790992050456,10,rsg|50|50|250
rsg,50,50,250,KMeans,Isomap,k_minus_1,Isomap__k_minus_1,0.59463410787721693,10,rsg|50|50|250
rsg,50,50,250,KMeans,KernelPCA,25_percent,KernelPCA__25_percent,0.55101242384123084,10,rsg|50|50|250
rsg,50,50,250,KMeans,KernelPCA,50_percent,KernelPCA__50_percent,0.65693562271844264,10,rsg|50|50|250
rsg,50,50,250,KMeans,KernelPCA,k_minus_1,KernelPCA__k_minus_1,0.69413789352001987,10,rsg|50|50|250
rsg,50,50,250,KMeans,MDS,25_percent,MDS__25_percent,0.6544352688383247,10,rsg|50|50|250
rsg,50,50,250,KMeans,MDS,50_percent,MDS__50_percent,0.71162223736684338,10,rsg|50|50|250
rsg,50,50,250,KMeans,MDS,k_minus_1,MDS__k_minus_1,0.69701180185455747,10,rsg|50|50|250
rsg,50,50,250,KMeans,None,original,None__original,0.7197413850763883,10,rsg|50|50|250
rsg,50,50,250,KMeans,PCA,25_percent,PCA__25_percent,0.57504841171022891,10,rsg|50|50|250
rsg,50,50,250,KMeans,PCA,50_percent,PCA__50_percent,0.70505281433877232,10,rsg|50|50|250
rsg,50,50,250,KMeans,PCA,k_minus_1,PCA__k_minus_1,0.72135120129592434,10,rsg|50|50|250
rsg,50,50,250,KMeans,VAE,25_percent,VAE__25_percent,0.32545353554473239,10,rsg|50|50|250
rsg,50,50,250,KMeans,VAE,50_percent,VAE__50_percent,0.30574514965500688,10,rsg|50|50|250
rsg,50,50,250,KMeans,VAE,k_minus_1,VAE__k_minus_1,0.38669854471950577,10,rsg|50|50|250
rsg,50,50,250,OPTICS,Isomap,25_percent,Isomap__25_percent,0.01522231569644098,10,rsg|50|50|250
rsg,50,50,250,OPTICS,Isomap,50_percent,Isomap__50_percent,0,10,rsg|50|50|250
rsg,50,50,250,OPTICS,Isomap,k_minus_1,Isomap__k_minus_1,0,10,rsg|50|50|250
rsg,50,50,250,OPTICS,KernelPCA,25_percent,KernelPCA__25_percent,0,10,rsg|50|50|250
rsg,50,50,250,OPTICS,KernelPCA,50_percent,KernelPCA__50_percent,0,10,rsg|50|50|250
rsg,50,50,250,OPTICS,KernelPCA,k_minus_1,KernelPCA__k_minus_1,0,10,rsg|50|50|250
rsg,50,50,250,OPTICS,MDS,25_percent,MDS__25_percent,0,10,rsg|50|50|250
rsg,50,50,250,OPTICS,MDS,50_percent,MDS__50_percent,0,10,rsg|50|50|250
rsg,50,50,250,OPTICS,MDS,k_minus_1,MDS__k_minus_1,0,10,rsg|50|50|250
rsg,50,50,250,OPTICS,None,original,None__original,0,10,rsg|50|50|250
rsg,50,50,250,OPTICS,PCA,25_percent,PCA__25_percent,0,10,rsg|50|50|250
rsg,50,50,250,OPTICS,PCA,50_percent,PCA__50_percent,0,10,rsg|50|50|250
rsg,50,50,250,OPTICS,PCA,k_minus_1,PCA__k_minus_1,0,10,rsg|50|50|250
rsg,50,50,250,OPTICS,VAE,25_percent,VAE__25_percent,0.00181644047842739,10,rsg|50|50|250
rsg,50,50,250,OPTICS,VAE,50_percent,VAE__50_percent,0,10,rsg|50|50|250
rsg,50,50,250,OPTICS,VAE,k_minus_1,VAE__k_minus_1,0.0037973186608019904,10,rsg|50|50|250
rsg,50,50,2500,AHC,Isomap,25_percent,Isomap__25_percent,0.9732451291742128,10,rsg|50|50|2500
rsg,50,50,2500,AHC,Isomap,50_percent,Isomap__50_percent,0.99276258164414199,10,rsg|50|50|2500
rsg,50,50,2500,AHC,Isomap,k_minus_1,Isomap__k_minus_1,0.99539905521480043,10,rsg|50|50|2500
rsg,50,50,2500,AHC,KernelPCA,25_percent,KernelPCA__25_percent,0.22972002239496256,10,rsg|50|50|2500
rsg,50,50,2500,AHC,KernelPCA,50_percent,KernelPCA__50_percent,0.44016308169124346,10,rsg|50|50|2500
rsg,50,50,2500,AHC,KernelPCA,k_minus_1,KernelPCA__k_minus_1,0.63541370959986299,10,rsg|50|50|2500
rsg,50,50,2500,AHC,MDS,25_percent,MDS__25_percent,0.47995870774241156,10,rsg|50|50|2500
rsg,50,50,2500,AHC,MDS,50_percent,MDS__50_percent,0.6704372480469194,10,rsg|50|50|2500
rsg,50,50,2500,AHC,MDS,k_minus_1,MDS__k_minus_1,0.99791838367974639,10,rsg|50|50|2500
rsg,50,50,2500,AHC,None,original,None__original,0.99791838367974639,10,rsg|50|50|2500
rsg,50,50,2500,AHC,PCA,25_percent,PCA__25_percent,0.40549866847728422,10,rsg|50|50|2500
rsg,50,50,2500,AHC,PCA,50_percent,PCA__50_percent,0.63961081379075346,10,rsg|50|50|2500
rsg,50,50,2500,AHC,PCA,k_minus_1,PCA__k_minus_1,0.99791838367974639,10,rsg|50|50|2500
rsg,50,50,2500,AHC,VAE,25_percent,VAE__25_percent,0.27849276048665839,10,rsg|50|50|2500
rsg,50,50,2500,AHC,VAE,50_percent,VAE__50_percent,0.25002824971746324,10,rsg|50|50|2500
rsg,50,50,2500,AHC,VAE,k_minus_1,VAE__k_minus_1,0.29562225635757367,10,rsg|50|50|2500
rsg,50,50,2500,GMM,Isomap,25_percent,Isomap__25_percent,0.93459141409166124,10,rsg|50|50|2500
rsg,50,50,2500,GMM,Isomap,50_percent,Isomap__50_percent,0.93893238494018882,10,rsg|50|50|2500
rsg,50,50,2500,GMM,Isomap,k_minus_1,Isomap__k_minus_1,0.7683614840320202,10,rsg|50|50|2500
rsg,50,50,2500,GMM,KernelPCA,25_percent,KernelPCA__25_percent,0.92115684975729084,10,rsg|50|50|2500
rsg,50,50,2500,GMM,KernelPCA,50_percent,KernelPCA__50_percent,0.93526282217141699,10,rsg|50|50|2500
rsg,50,50,2500,GMM,KernelPCA,k_minus_1,KernelPCA__k_minus_1,0.94175400335334702,10,rsg|50|50|2500
rsg,50,50,2500,GMM,MDS,25_percent,MDS__25_percent,0.85113278709304441,10,rsg|50|50|2500
rsg,50,50,2500,GMM,MDS,50_percent,MDS__50_percent,0.72992478694140184,10,rsg|50|50|2500
rsg,50,50,2500,GMM,MDS,k_minus_1,MDS__k_minus_1,0.93475425221013386,10,rsg|50|50|2500
rsg,50,50,2500,GMM,None,original,None__original,0.93506363303645568,10,rsg|50|50|2500
rsg,50,50,2500,GMM,PCA,25_percent,PCA__25_percent,0.94635257162755138,10,rsg|50|50|2500
rsg,50,50,2500,GMM,PCA,50_percent,PCA__50_percent,0.94120309648073275,10,rsg|50|50|2500
rsg,50,50,2500,GMM,PCA,k_minus_1,PCA__k_minus_1,0.93827761931840281,10,rsg|50|50|2500
rsg,50,50,2500,GMM,VAE,25_percent,VAE__25_percent,0.21288276857791541,10,rsg|50|50|2500
rsg,50,50,2500,GMM,VAE,50_percent,VAE__50_percent,0.19339302372438297,10,rsg|50|50|2500
rsg,50,50,2500,GMM,VAE,k_minus_1,VAE__k_minus_1,0.22351461036558423,10,rsg|50|50|2500
rsg,50,50,2500,KMeans,Isomap,25_percent,Isomap__25_percent,0.92991373446151793,10,rsg|50|50|2500
rsg,50,50,2500,KMeans,Isomap,50_percent,Isomap__50_percent,0.97264516293979497,10,rsg|50|50|2500
rsg,50,50,2500,KMeans,Isomap,k_minus_1,Isomap__k_minus_1,0.96744998856530651,10,rsg|50|50|2500
rsg,50,50,2500,KMeans,KernelPCA,25_percent,KernelPCA__25_percent,0.34496700402459668,10,rsg|50|50|2500
rsg,50,50,2500,KMeans,KernelPCA,50_percent,KernelPCA__50_percent,0.42237506253412815,10,rsg|50|50|2500
rsg,50,50,2500,KMeans,KernelPCA,k_minus_1,KernelPCA__k_minus_1,0.49201076100410929,10,rsg|50|50|2500
rsg,50,50,2500,KMeans,MDS,25_percent,MDS__25_percent,0.40790163247917094,10,rsg|50|50|2500
rsg,50,50,2500,KMeans,MDS,50_percent,MDS__50_percent,0.52436611710530212,10,rsg|50|50|2500
rsg,50,50,2500,KMeans,MDS,k_minus_1,MDS__k_minus_1,0.6227772758829444,10,rsg|50|50|2500
rsg,50,50,2500,KMeans,None,original,None__original,0.60700033945570886,10,rsg|50|50|2500
rsg,50,50,2500,KMeans,PCA,25_percent,PCA__25_percent,0.36421059227607666,10,rsg|50|50|2500
rsg,50,50,2500,KMeans,PCA,50_percent,PCA__50_percent,0.51729264697001121,10,rsg|50|50|2500
rsg,50,50,2500,KMeans,PCA,k_minus_1,PCA__k_minus_1,0.6268294130062052,10,rsg|50|50|2500
rsg,50,50,2500,KMeans,VAE,25_percent,VAE__25_percent,0.27253205463728325,10,rsg|50|50|2500
rsg,50,50,2500,KMeans,VAE,50_percent,VAE__50_percent,0.24728213793793069,10,rsg|50|50|2500
rsg,50,50,2500,KMeans,VAE,k_minus_1,VAE__k_minus_1,0.28428260231936153,10,rsg|50|50|2500
rsg,50,50,2500,OPTICS,Isomap,25_percent,Isomap__25_percent,0.016628070484056071,10,rsg|50|50|2500
rsg,50,50,2500,OPTICS,Isomap,50_percent,Isomap__50_percent,0.016565647202366772,10,rsg|50|50|2500
rsg,50,50,2500,OPTICS,Isomap,k_minus_1,Isomap__k_minus_1,0.010395347235466989,10,rsg|50|50|2500
rsg,50,50,2500,OPTICS,KernelPCA,25_percent,KernelPCA__25_percent,0,10,rsg|50|50|2500
rsg,50,50,2500,OPTICS,KernelPCA,50_percent,KernelPCA__50_percent,0,10,rsg|50|50|2500
rsg,50,50,2500,OPTICS,KernelPCA,k_minus_1,KernelPCA__k_minus_1,0,10,rsg|50|50|2500
rsg,50,50,2500,OPTICS,MDS,25_percent,MDS__25_percent,0,10,rsg|50|50|2500
rsg,50,50,2500,OPTICS,MDS,50_percent,MDS__50_percent,0,10,rsg|50|50|2500
rsg,50,50,2500,OPTICS,MDS,k_minus_1,MDS__k_minus_1,0,10,rsg|50|50|2500
rsg,50,50,2500,OPTICS,None,original,None__original,0,10,rsg|50|50|2500
rsg,50,50,2500,OPTICS,PCA,25_percent,PCA__25_percent,0,10,rsg|50|50|2500
rsg,50,50,2500,OPTICS,PCA,50_percent,PCA__50_percent,0,10,rsg|50|50|2500
rsg,50,50,2500,OPTICS,PCA,k_minus_1,PCA__k_minus_1,0,10,rsg|50|50|2500
rsg,50,50,2500,OPTICS,VAE,25_percent,VAE__25_percent,0,10,rsg|50|50|2500
rsg,50,50,2500,OPTICS,VAE,50_percent,VAE__50_percent,0,10,rsg|50|50|2500
rsg,50,50,2500,OPTICS,VAE,k_minus_1,VAE__k_minus_1,0,10,rsg|50|50|2500
rsg,50,50,5000,AHC,Isomap,25_percent,Isomap__25_percent,0.98756328186125741,10,rsg|50|50|5000
rsg,50,50,5000,AHC,Isomap,50_percent,Isomap__50_percent,0.99930958136981174,10,rsg|50|50|5000
rsg,50,50,5000,AHC,Isomap,k_minus_1,Isomap__k_minus_1,0.99955504396331418,10,rsg|50|50|5000
rsg,50,50,5000,AHC,KernelPCA,25_percent,KernelPCA__25_percent,0.21092988185854855,10,rsg|50|50|5000
rsg,50,50,5000,AHC,KernelPCA,50_percent,KernelPCA__50_percent,0.44547855936735281,10,rsg|50|50|5000
rsg,50,50,5000,AHC,KernelPCA,k_minus_1,KernelPCA__k_minus_1,0.70500141180164311,10,rsg|50|50|5000
rsg,50,50,5000,AHC,MDS,25_percent,MDS__25_percent,0.44584907131432583,10,rsg|50|50|5000
rsg,50,50,5000,AHC,MDS,50_percent,MDS__50_percent,0.7170441881757379,10,rsg|50|50|5000
rsg,50,50,5000,AHC,MDS,k_minus_1,MDS__k_minus_1,1,10,rsg|50|50|5000
rsg,50,50,5000,AHC,None,original,None__original,1,10,rsg|50|50|5000
rsg,50,50,5000,AHC,PCA,25_percent,PCA__25_percent,0.39180499502555488,10,rsg|50|50|5000
rsg,50,50,5000,AHC,PCA,50_percent,PCA__50_percent,0.67135838373684797,10,rsg|50|50|5000
rsg,50,50,5000,AHC,PCA,k_minus_1,PCA__k_minus_1,1,10,rsg|50|50|5000
rsg,50,50,5000,AHC,VAE,25_percent,VAE__25_percent,0.27048854735700179,10,rsg|50|50|5000
rsg,50,50,5000,AHC,VAE,50_percent,VAE__50_percent,0.26388356872582958,10,rsg|50|50|5000
rsg,50,50,5000,AHC,VAE,k_minus_1,VAE__k_minus_1,0.30883495668489841,10,rsg|50|50|5000
rsg,50,50,5000,GMM,Isomap,25_percent,Isomap__25_percent,0.94317887500201325,10,rsg|50|50|5000
rsg,50,50,5000,GMM,Isomap,50_percent,Isomap__50_percent,0.96218947308010061,10,rsg|50|50|5000
rsg,50,50,5000,GMM,Isomap,k_minus_1,Isomap__k_minus_1,0.95398159541481609,10,rsg|50|50|5000
rsg,50,50,5000,GMM,KernelPCA,25_percent,KernelPCA__25_percent,0.95192556052374722,10,rsg|50|50|5000
rsg,50,50,5000,GMM,KernelPCA,50_percent,KernelPCA__50_percent,0.94216250928900236,10,rsg|50|50|5000
rsg,50,50,5000,GMM,KernelPCA,k_minus_1,KernelPCA__k_minus_1,0.96432358379646366,10,rsg|50|50|5000
rsg,50,50,5000,GMM,MDS,25_percent,MDS__25_percent,0.94964365409474838,10,rsg|50|50|5000
rsg,50,50,5000,GMM,MDS,50_percent,MDS__50_percent,0.90529684278793177,10,rsg|50|50|5000
rsg,50,50,5000,GMM,MDS,k_minus_1,MDS__k_minus_1,0.94215209516756793,10,rsg|50|50|5000
rsg,50,50,5000,GMM,None,original,None__original,0.94116530101404106,10,rsg|50|50|5000
rsg,50,50,5000,GMM,PCA,25_percent,PCA__25_percent,0.95549550717869425,10,rsg|50|50|5000
rsg,50,50,5000,GMM,PCA,50_percent,PCA__50_percent,0.94124192385524963,10,rsg|50|50|5000
rsg,50,50,5000,GMM,PCA,k_minus_1,PCA__k_minus_1,0.93607193523424193,10,rsg|50|50|5000
rsg,50,50,5000,GMM,VAE,25_percent,VAE__25_percent,0.20429730252230788,10,rsg|50|50|5000
rsg,50,50,5000,GMM,VAE,50_percent,VAE__50_percent,0.18513020258158447,10,rsg|50|50|5000
rsg,50,50,5000,GMM,VAE,k_minus_1,VAE__k_minus_1,0.21739737865943387,10,rsg|50|50|5000
rsg,50,50,5000,KMeans,Isomap,25_percent,Isomap__25_percent,0.94199780192476934,10,rsg|50|50|5000
rsg,50,50,5000,KMeans,Isomap,50_percent,Isomap__50_percent,0.97323952330169961,10,rsg|50|50|5000
rsg,50,50,5000,KMeans,Isomap,k_minus_1,Isomap__k_minus_1,0.97525762684473727,10,rsg|50|50|5000
rsg,50,50,5000,KMeans,KernelPCA,25_percent,KernelPCA__25_percent,0.30865823161272654,10,rsg|50|50|5000
rsg,50,50,5000,KMeans,KernelPCA,50_percent,KernelPCA__50_percent,0.40888017215422423,10,rsg|50|50|5000
rsg,50,50,5000,KMeans,KernelPCA,k_minus_1,KernelPCA__k_minus_1,0.45701377271521526,10,rsg|50|50|5000
rsg,50,50,5000,KMeans,MDS,25_percent,MDS__25_percent,0.35522704440134767,10,rsg|50|50|5000
rsg,50,50,5000,KMeans,MDS,50_percent,MDS__50_percent,0.48462941658910347,10,rsg|50|50|5000
rsg,50,50,5000,KMeans,MDS,k_minus_1,MDS__k_minus_1,0.57266620274612712,10,rsg|50|50|5000
rsg,50,50,5000,KMeans,None,original,None__original,0.58798653348945695,10,rsg|50|50|5000
rsg,50,50,5000,KMeans,PCA,25_percent,PCA__25_percent,0.32595100619422512,10,rsg|50|50|5000
rsg,50,50,5000,KMeans,PCA,50_percent,PCA__50_percent,0.45976731672489607,10,rsg|50|50|5000
rsg,50,50,5000,KMeans,PCA,k_minus_1,PCA__k_minus_1,0.59384813859823748,10,rsg|50|50|5000
rsg,50,50,5000,KMeans,VAE,25_percent,VAE__25_percent,0.26165452505028397,10,rsg|50|50|5000
rsg,50,50,5000,KMeans,VAE,50_percent,VAE__50_percent,0.25484960734151996,10,rsg|50|50|5000
rsg,50,50,5000,KMeans,VAE,k_minus_1,VAE__k_minus_1,0.29685931198066284,10,rsg|50|50|5000
rsg,50,50,5000,OPTICS,Isomap,25_percent,Isomap__25_percent,0.024981049653734051,10,rsg|50|50|5000
rsg,50,50,5000,OPTICS,Isomap,50_percent,Isomap__50_percent,0.017890469777991091,10,rsg|50|50|5000
rsg,50,50,5000,OPTICS,Isomap,k_minus_1,Isomap__k_minus_1,0.007098333067071601,10,rsg|50|50|5000
rsg,50,50,5000,OPTICS,KernelPCA,25_percent,KernelPCA__25_percent,0,10,rsg|50|50|5000
rsg,50,50,5000,OPTICS,KernelPCA,50_percent,KernelPCA__50_percent,0,10,rsg|50|50|5000
rsg,50,50,5000,OPTICS,KernelPCA,k_minus_1,KernelPCA__k_minus_1,0,10,rsg|50|50|5000
rsg,50,50,5000,OPTICS,MDS,25_percent,MDS__25_percent,0,10,rsg|50|50|5000
rsg,50,50,5000,OPTICS,MDS,50_percent,MDS__50_percent,0,10,rsg|50|50|5000
rsg,50,50,5000,OPTICS,MDS,k_minus_1,MDS__k_minus_1,0,10,rsg|50|50|5000
rsg,50,50,5000,OPTICS,None,original,None__original,0,10,rsg|50|50|5000
rsg,50,50,5000,OPTICS,PCA,25_percent,PCA__25_percent,0,10,rsg|50|50|5000
rsg,50,50,5000,OPTICS,PCA,50_percent,PCA__50_percent,0,10,rsg|50|50|5000
rsg,50,50,5000,OPTICS,PCA,k_minus_1,PCA__k_minus_1,0,10,rsg|50|50|5000
rsg,50,50,5000,OPTICS,VAE,25_percent,VAE__25_percent,0,10,rsg|50|50|5000
rsg,50,50,5000,OPTICS,VAE,50_percent,VAE__50_percent,0,10,rsg|50|50|5000
rsg,50,50,5000,OPTICS,VAE,k_minus_1,VAE__k_minus_1,0,10,rsg|50|50|5000
rsg,50,200,250,AHC,Isomap,25_percent,Isomap__25_percent,0.87995959488374509,10,rsg|50|200|250
rsg,50,200,250,AHC,Isomap,50_percent,Isomap__50_percent,0.89237142791345059,10,rsg|50|200|250
rsg,50,200,250,AHC,Isomap,k_minus_1,Isomap__k_minus_1,0.87840823714031502,10,rsg|50|200|250
rsg,50,200,250,AHC,KernelPCA,25_percent,KernelPCA__25_percent,0.78835122144432757,10,rsg|50|200|250
rsg,50,200,250,AHC,KernelPCA,50_percent,KernelPCA__50_percent,0.71426610202371621,10,rsg|50|200|250
rsg,50,200,250,AHC,KernelPCA,k_minus_1,KernelPCA__k_minus_1,0.74906597979956291,10,rsg|50|200|250
rsg,50,200,250,AHC,MDS,25_percent,MDS__25_percent,0.94796555796161674,10,rsg|50|200|250
rsg,50,200,250,AHC,MDS,50_percent,MDS__50_percent,0.95676837186994079,10,rsg|50|200|250
rsg,50,200,250,AHC,MDS,k_minus_1,MDS__k_minus_1,0.95413119643981115,10,rsg|50|200|250
rsg,50,200,250,AHC,None,original,None__original,0.95273196789023129,10,rsg|50|200|250
rsg,50,200,250,AHC,PCA,25_percent,PCA__25_percent,0.92901200585250621,10,rsg|50|200|250
rsg,50,200,250,AHC,PCA,50_percent,PCA__50_percent,0.92974552703011359,10,rsg|50|200|250
rsg,50,200,250,AHC,PCA,k_minus_1,PCA__k_minus_1,0.93823022521224042,10,rsg|50|200|250
rsg,50,200,250,AHC,VAE,25_percent,VAE__25_percent,0.65956467622796933,10,rsg|50|200|250
rsg,50,200,250,AHC,VAE,50_percent,VAE__50_percent,0.80631765442598868,10,rsg|50|200|250
rsg,50,200,250,AHC,VAE,k_minus_1,VAE__k_minus_1,0.63316720826006179,10,rsg|50|200|250
rsg,50,200,250,GMM,Isomap,25_percent,Isomap__25_percent,0.5893413658562503,10,rsg|50|200|250
rsg,50,200,250,GMM,Isomap,50_percent,Isomap__50_percent,0.51578483767171845,10,rsg|50|200|250
rsg,50,200,250,GMM,Isomap,k_minus_1,Isomap__k_minus_1,0.6102624988368881,10,rsg|50|200|250
rsg,50,200,250,GMM,KernelPCA,25_percent,KernelPCA__25_percent,0.63738306369428877,10,rsg|50|200|250
rsg,50,200,250,GMM,KernelPCA,50_percent,KernelPCA__50_percent,0.33801179374037144,10,rsg|50|200|250
rsg,50,200,250,GMM,KernelPCA,k_minus_1,KernelPCA__k_minus_1,0.61658358891938037,10,rsg|50|200|250
rsg,50,200,250,GMM,MDS,25_percent,MDS__25_percent,0.71700605541253748,10,rsg|50|200|250
rsg,50,200,250,GMM,MDS,50_percent,MDS__50_percent,0.68820305151130456,10,rsg|50|200|250
rsg,50,200,250,GMM,MDS,k_minus_1,MDS__k_minus_1,0.74697671955759026,10,rsg|50|200|250
rsg,50,200,250,GMM,None,original,None__original,0.69574267274746582,10,rsg|50|200|250
rsg,50,200,250,GMM,PCA,25_percent,PCA__25_percent,0.716127204665435,10,rsg|50|200|250
rsg,50,200,250,GMM,PCA,50_percent,PCA__50_percent,0.63619365830645114,10,rsg|50|200|250
rsg,50,200,250,GMM,PCA,k_minus_1,PCA__k_minus_1,0.71875436887933586,10,rsg|50|200|250
rsg,50,200,250,GMM,VAE,25_percent,VAE__25_percent,0.64254089426451932,10,rsg|50|200|250
rsg,50,200,250,GMM,VAE,50_percent,VAE__50_percent,0.79283163346905694,10,rsg|50|200|250
rsg,50,200,250,GMM,VAE,k_minus_1,VAE__k_minus_1,0.61889857352200783,10,rsg|50|200|250
rsg,50,200,250,KMeans,Isomap,25_percent,Isomap__25_percent,0.7265528922678397,10,rsg|50|200|250
rsg,50,200,250,KMeans,Isomap,50_percent,Isomap__50_percent,0.68109248437147485,10,rsg|50|200|250
rsg,50,200,250,KMeans,Isomap,k_minus_1,Isomap__k_minus_1,0.72854463586079599,10,rsg|50|200|250
rsg,50,200,250,KMeans,KernelPCA,25_percent,KernelPCA__25_percent,0.75070718264601533,10,rsg|50|200|250
rsg,50,200,250,KMeans,KernelPCA,50_percent,KernelPCA__50_percent,0.72221047865254628,10,rsg|50|200|250
rsg,50,200,250,KMeans,KernelPCA,k_minus_1,KernelPCA__k_minus_1,0.7473317030432447,10,rsg|50|200|250
rsg,50,200,250,KMeans,MDS,25_percent,MDS__25_percent,0.91336624211194795,10,rsg|50|200|250
rsg,50,200,250,KMeans,MDS,50_percent,MDS__50_percent,0.87694546019053321,10,rsg|50|200|250
rsg,50,200,250,KMeans,MDS,k_minus_1,MDS__k_minus_1,0.91183262622553884,10,rsg|50|200|250
rsg,50,200,250,KMeans,None,original,None__original,0.86620500791102528,10,rsg|50|200|250
rsg,50,200,250,KMeans,PCA,25_percent,PCA__25_percent,0.90604480235364027,10,rsg|50|200|250
rsg,50,200,250,KMeans,PCA,50_percent,PCA__50_percent,0.87727103767567061,10,rsg|50|200|250
rsg,50,200,250,KMeans,PCA,k_minus_1,PCA__k_minus_1,0.89584671779410596,10,rsg|50|200|250
rsg,50,200,250,KMeans,VAE,25_percent,VAE__25_percent,0.645845946925104,10,rsg|50|200|250
rsg,50,200,250,KMeans,VAE,50_percent,VAE__50_percent,0.80138285241447016,10,rsg|50|200|250
rsg,50,200,250,KMeans,VAE,k_minus_1,VAE__k_minus_1,0.61385252798800993,10,rsg|50|200|250
rsg,50,200,250,OPTICS,Isomap,25_percent,Isomap__25_percent,0,10,rsg|50|200|250
rsg,50,200,250,OPTICS,Isomap,50_percent,Isomap__50_percent,0,10,rsg|50|200|250
rsg,50,200,250,OPTICS,Isomap,k_minus_1,Isomap__k_minus_1,0,10,rsg|50|200|250
rsg,50,200,250,OPTICS,KernelPCA,25_percent,KernelPCA__25_percent,0,10,rsg|50|200|250
rsg,50,200,250,OPTICS,KernelPCA,50_percent,KernelPCA__50_percent,0,10,rsg|50|200|250
rsg,50,200,250,OPTICS,KernelPCA,k_minus_1,KernelPCA__k_minus_1,0,10,rsg|50|200|250
rsg,50,200,250,OPTICS,MDS,25_percent,MDS__25_percent,0,10,rsg|50|200|250
rsg,50,200,250,OPTICS,MDS,50_percent,MDS__50_percent,0,10,rsg|50|200|250
rsg,50,200,250,OPTICS,MDS,k_minus_1,MDS__k_minus_1,0,10,rsg|50|200|250
rsg,50,200,250,OPTICS,None,original,None__original,0,10,rsg|50|200|250
rsg,50,200,250,OPTICS,PCA,25_percent,PCA__25_percent,0,10,rsg|50|200|250
rsg,50,200,250,OPTICS,PCA,50_percent,PCA__50_percent,0,10,rsg|50|200|250
rsg,50,200,250,OPTICS,PCA,k_minus_1,PCA__k_minus_1,0,10,rsg|50|200|250
rsg,50,200,250,OPTICS,VAE,25_percent,VAE__25_percent,0.0014094724841952001,10,rsg|50|200|250
rsg,50,200,250,OPTICS,VAE,50_percent,VAE__50_percent,0,10,rsg|50|200|250
rsg,50,200,250,OPTICS,VAE,k_minus_1,VAE__k_minus_1,0.0038541457683462801,10,rsg|50|200|250
rsg,50,200,2500,AHC,Isomap,25_percent,Isomap__25_percent,0.99819156430100353,10,rsg|50|200|2500
rsg,50,200,2500,AHC,Isomap,50_percent,Isomap__50_percent,0.99578188789776634,10,rsg|50|200|2500
rsg,50,200,2500,AHC,Isomap,k_minus_1,Isomap__k_minus_1,0.99810829574546989,10,rsg|50|200|2500
rsg,50,200,2500,AHC,KernelPCA,25_percent,KernelPCA__25_percent,0.68834616322183151,10,rsg|50|200|2500
rsg,50,200,2500,AHC,KernelPCA,50_percent,KernelPCA__50_percent,0.77068582911536787,10,rsg|50|200|2500
rsg,50,200,2500,AHC,KernelPCA,k_minus_1,KernelPCA__k_minus_1,0.68191676803356971,10,rsg|50|200|2500
rsg,50,200,2500,AHC,MDS,25_percent,MDS__25_percent,0.99776293238640767,10,rsg|50|200|2500
rsg,50,200,2500,AHC,MDS,50_percent,MDS__50_percent,0.99930504896308359,10,rsg|50|200|2500
rsg,50,200,2500,AHC,MDS,k_minus_1,MDS__k_minus_1,0.99925121127587724,10,rsg|50|200|2500
rsg,50,200,2500,AHC,None,original,None__original,1,10,rsg|50|200|2500
rsg,50,200,2500,AHC,PCA,25_percent,PCA__25_percent,0.99925121127587724,10,rsg|50|200|2500
rsg,50,200,2500,AHC,PCA,50_percent,PCA__50_percent,0.99674378460977953,10,rsg|50|200|2500
rsg,50,200,2500,AHC,PCA,k_minus_1,PCA__k_minus_1,0.99587023260830709,10,rsg|50|200|2500
rsg,50,200,2500,AHC,VAE,25_percent,VAE__25_percent,0.71306901746775853,10,rsg|50|200|2500
rsg,50,200,2500,AHC,VAE,50_percent,VAE__50_percent,0.89364736103904563,10,rsg|50|200|2500
rsg,50,200,2500,AHC,VAE,k_minus_1,VAE__k_minus_1,0.71095127467507857,10,rsg|50|200|2500
rsg,50,200,2500,GMM,Isomap,25_percent,Isomap__25_percent,0.97173290101564347,10,rsg|50|200|2500
rsg,50,200,2500,GMM,Isomap,50_percent,Isomap__50_percent,0.9224012340234381,10,rsg|50|200|2500
rsg,50,200,2500,GMM,Isomap,k_minus_1,Isomap__k_minus_1,0.9677156726063586,10,rsg|50|200|2500
rsg,50,200,2500,GMM,KernelPCA,25_percent,KernelPCA__25_percent,0.9605372654730685,10,rsg|50|200|2500
rsg,50,200,2500,GMM,KernelPCA,50_percent,KernelPCA__50_percent,0.86256261954909907,10,rsg|50|200|2500
rsg,50,200,2500,GMM,KernelPCA,k_minus_1,KernelPCA__k_minus_1,0.96921602710116461,10,rsg|50|200|2500
rsg,50,200,2500,GMM,MDS,25_percent,MDS__25_percent,0.8373207690112443,10,rsg|50|200|2500
rsg,50,200,2500,GMM,MDS,50_percent,MDS__50_percent,0.91904252783953455,10,rsg|50|200|2500
rsg,50,200,2500,GMM,MDS,k_minus_1,MDS__k_minus_1,0.85117693488158075,10,rsg|50|200|2500
rsg,50,200,2500,GMM,None,original,None__original,0.82728404668441957,10,rsg|50|200|2500
rsg,50,200,2500,GMM,PCA,25_percent,PCA__25_percent,0.94641394310850335,10,rsg|50|200|2500
rsg,50,200,2500,GMM,PCA,50_percent,PCA__50_percent,0.92435678261400267,10,rsg|50|200|2500
rsg,50,200,2500,GMM,PCA,k_minus_1,PCA__k_minus_1,0.93629669162333828,10,rsg|50|200|2500
rsg,50,200,2500,GMM,VAE,25_percent,VAE__25_percent,0.63681830576227039,10,rsg|50|200|2500
rsg,50,200,2500,GMM,VAE,50_percent,VAE__50_percent,0.86404047381836757,10,rsg|50|200|2500
rsg,50,200,2500,GMM,VAE,k_minus_1,VAE__k_minus_1,0.64556988342131594,10,rsg|50|200|2500
rsg,50,200,2500,KMeans,Isomap,25_percent,Isomap__25_percent,0.98573091910948796,10,rsg|50|200|2500
rsg,50,200,2500,KMeans,Isomap,50_percent,Isomap__50_percent,0.97576453401381702,10,rsg|50|200|2500
rsg,50,200,2500,KMeans,Isomap,k_minus_1,Isomap__k_minus_1,0.98284170667657911,10,rsg|50|200|2500
rsg,50,200,2500,KMeans,KernelPCA,25_percent,KernelPCA__25_percent,0.51807188186774089,10,rsg|50|200|2500
rsg,50,200,2500,KMeans,KernelPCA,50_percent,KernelPCA__50_percent,0.55126224592182527,10,rsg|50|200|2500
rsg,50,200,2500,KMeans,KernelPCA,k_minus_1,KernelPCA__k_minus_1,0.51131332037981303,10,rsg|50|200|2500
rsg,50,200,2500,KMeans,MDS,25_percent,MDS__25_percent,0.83438160098270198,10,rsg|50|200|2500
rsg,50,200,2500,KMeans,MDS,50_percent,MDS__50_percent,0.81180491143256661,10,rsg|50|200|2500
rsg,50,200,2500,KMeans,MDS,k_minus_1,MDS__k_minus_1,0.81503704884759398,10,rsg|50|200|2500
rsg,50,200,2500,KMeans,None,original,None__original,0.8253893909265797,10,rsg|50|200|2500
rsg,50,200,2500,KMeans,PCA,25_percent,PCA__25_percent,0.8006932534189749,10,rsg|50|200|2500
rsg,50,200,2500,KMeans,PCA,50_percent,PCA__50_percent,0.86178820763133801,10,rsg|50|200|2500
rsg,50,200,2500,KMeans,PCA,k_minus_1,PCA__k_minus_1,0.79358638959950145,10,rsg|50|200|2500
rsg,50,200,2500,KMeans,VAE,25_percent,VAE__25_percent,0.69147466734041929,10,rsg|50|200|2500
rsg,50,200,2500,KMeans,VAE,50_percent,VAE__50_percent,0.86958846897764508,10,rsg|50|200|2500
rsg,50,200,2500,KMeans,VAE,k_minus_1,VAE__k_minus_1,0.68746388837152062,10,rsg|50|200|2500
rsg,50,200,2500,OPTICS,Isomap,25_percent,Isomap__25_percent,0.034596417354204281,10,rsg|50|200|2500
rsg,50,200,2500,OPTICS,Isomap,50_percent,Isomap__50_percent,0.01564029087894088,10,rsg|50|200|2500
rsg,50,200,2500,OPTICS,Isomap,k_minus_1,Isomap__k_minus_1,0.037320993793923292,10,rsg|50|200|2500
rsg,50,200,2500,OPTICS,KernelPCA,25_percent,KernelPCA__25_percent,0,10,rsg|50|200|2500
rsg,50,200,2500,OPTICS,KernelPCA,50_percent,KernelPCA__50_percent,0,10,rsg|50|200|2500
rsg,50,200,2500,OPTICS,KernelPCA,k_minus_1,KernelPCA__k_minus_1,0,10,rsg|50|200|2500
rsg,50,200,2500,OPTICS,MDS,25_percent,MDS__25_percent,0,10,rsg|50|200|2500
rsg,50,200,2500,OPTICS,MDS,50_percent,MDS__50_percent,0,10,rsg|50|200|2500
rsg,50,200,2500,OPTICS,MDS,k_minus_1,MDS__k_minus_1,0,10,rsg|50|200|2500
rsg,50,200,2500,OPTICS,None,original,None__original,0,10,rsg|50|200|2500
rsg,50,200,2500,OPTICS,PCA,25_percent,PCA__25_percent,0,10,rsg|50|200|2500
rsg,50,200,2500,OPTICS,PCA,50_percent,PCA__50_percent,0,10,rsg|50|200|2500
rsg,50,200,2500,OPTICS,PCA,k_minus_1,PCA__k_minus_1,0,10,rsg|50|200|2500
rsg,50,200,2500,OPTICS,VAE,25_percent,VAE__25_percent,0.0024459301065160003,10,rsg|50|200|2500
rsg,50,200,2500,OPTICS,VAE,50_percent,VAE__50_percent,0.022184616050509271,10,rsg|50|200|2500
rsg,50,200,2500,OPTICS,VAE,k_minus_1,VAE__k_minus_1,0.0065622891895106006,10,rsg|50|200|2500
rsg,50,200,5000,AHC,Isomap,25_percent,Isomap__25_percent,0.99959151197774365,10,rsg|50|200|5000
rsg,50,200,5000,AHC,Isomap,50_percent,Isomap__50_percent,0.99959089174226834,10,rsg|50|200|5000
rsg,50,200,5000,AHC,Isomap,k_minus_1,Isomap__k_minus_1,0.99959089302808768,10,rsg|50|200|5000
rsg,50,200,5000,AHC,KernelPCA,25_percent,KernelPCA__25_percent,0.60187817457948245,10,rsg|50|200|5000
rsg,50,200,5000,AHC,KernelPCA,50_percent,KernelPCA__50_percent,0.76968417694108571,10,rsg|50|200|5000
rsg,50,200,5000,AHC,KernelPCA,k_minus_1,KernelPCA__k_minus_1,0.61408703147200638,10,rsg|50|200|5000
rsg,50,200,5000,AHC,MDS,25_percent,MDS__25_percent,1,10,rsg|50|200|5000
rsg,50,200,5000,AHC,MDS,50_percent,MDS__50_percent,0.99776634379023288,10,rsg|50|200|5000
rsg,50,200,5000,AHC,MDS,k_minus_1,MDS__k_minus_1,1,10,rsg|50|200|5000
rsg,50,200,5000,AHC,None,original,None__original,0.99922593888844435,10,rsg|50|200|5000
rsg,50,200,5000,AHC,PCA,25_percent,PCA__25_percent,0.99704097478130405,10,rsg|50|200|5000
rsg,50,200,5000,AHC,PCA,50_percent,PCA__50_percent,0.99776634379023288,10,rsg|50|200|5000
rsg,50,200,5000,AHC,PCA,k_minus_1,PCA__k_minus_1,1,10,rsg|50|200|5000
rsg,50,200,5000,AHC,VAE,25_percent,VAE__25_percent,0.69957637209656398,10,rsg|50|200|5000
rsg,50,200,5000,AHC,VAE,50_percent,VAE__50_percent,0.95640699731321044,10,rsg|50|200|5000
rsg,50,200,5000,AHC,VAE,k_minus_1,VAE__k_minus_1,0.70493105534345113,10,rsg|50|200|5000
rsg,50,200,5000,GMM,Isomap,25_percent,Isomap__25_percent,0.96676802126470951,10,rsg|50|200|5000
rsg,50,200,5000,GMM,Isomap,50_percent,Isomap__50_percent,0.95666149975909587,10,rsg|50|200|5000
rsg,50,200,5000,GMM,Isomap,k_minus_1,Isomap__k_minus_1,0.96663627838040878,10,rsg|50|200|5000
rsg,50,200,5000,GMM,KernelPCA,25_percent,KernelPCA__25_percent,0.96216573938627659,10,rsg|50|200|5000
rsg,50,200,5000,GMM,KernelPCA,50_percent,KernelPCA__50_percent,0.95798750828101598,10,rsg|50|200|5000
rsg,50,200,5000,GMM,KernelPCA,k_minus_1,KernelPCA__k_minus_1,0.96321732252844061,10,rsg|50|200|5000
rsg,50,200,5000,GMM,MDS,25_percent,MDS__25_percent,0.90505449184926989,10,rsg|50|200|5000
rsg,50,200,5000,GMM,MDS,50_percent,MDS__50_percent,0.92124626156179357,10,rsg|50|200|5000
rsg,50,200,5000,GMM,MDS,k_minus_1,MDS__k_minus_1,0.90527422147469261,10,rsg|50|200|5000
rsg,50,200,5000,GMM,None,original,None__original,0.89294622926768985,10,rsg|50|200|5000
rsg,50,200,5000,GMM,PCA,25_percent,PCA__25_percent,0.94508048834867808,10,rsg|50|200|5000
rsg,50,200,5000,GMM,PCA,50_percent,PCA__50_percent,0.91742906267468916,10,rsg|50|200|5000
rsg,50,200,5000,GMM,PCA,k_minus_1,PCA__k_minus_1,0.94840158425019949,10,rsg|50|200|5000
rsg,50,200,5000,GMM,VAE,25_percent,VAE__25_percent,0.58911630523202196,10,rsg|50|200|5000
rsg,50,200,5000,GMM,VAE,50_percent,VAE__50_percent,0.89444817087869422,10,rsg|50|200|5000
rsg,50,200,5000,GMM,VAE,k_minus_1,VAE__k_minus_1,0.58444927366526778,10,rsg|50|200|5000
rsg,50,200,5000,KMeans,Isomap,25_percent,Isomap__25_percent,0.9912528253566173,10,rsg|50|200|5000
rsg,50,200,5000,KMeans,Isomap,50_percent,Isomap__50_percent,0.97876696845081779,10,rsg|50|200|5000
rsg,50,200,5000,KMeans,Isomap,k_minus_1,Isomap__k_minus_1,0.99120761655276524,10,rsg|50|200|5000
rsg,50,200,5000,KMeans,KernelPCA,25_percent,KernelPCA__25_percent,0.44035720768846298,10,rsg|50|200|5000
rsg,50,200,5000,KMeans,KernelPCA,50_percent,KernelPCA__50_percent,0.51113766108509584,10,rsg|50|200|5000
rsg,50,200,5000,KMeans,KernelPCA,k_minus_1,KernelPCA__k_minus_1,0.43513750343719043,10,rsg|50|200|5000
rsg,50,200,5000,KMeans,MDS,25_percent,MDS__25_percent,0.68482178449422082,10,rsg|50|200|5000
rsg,50,200,5000,KMeans,MDS,50_percent,MDS__50_percent,0.77611185212208356,10,rsg|50|200|5000
rsg,50,200,5000,KMeans,MDS,k_minus_1,MDS__k_minus_1,0.6642699537330814,10,rsg|50|200|5000
rsg,50,200,5000,KMeans,None,original,None__original,0.76848933661343843,10,rsg|50|200|5000
rsg,50,200,5000,KMeans,PCA,25_percent,PCA__25_percent,0.64758180325105508,10,rsg|50|200|5000
rsg,50,200,5000,KMeans,PCA,50_percent,PCA__50_percent,0.75468310463395094,10,rsg|50|200|5000
rsg,50,200,5000,KMeans,PCA,k_minus_1,PCA__k_minus_1,0.63274466745742319,10,rsg|50|200|5000
rsg,50,200,5000,KMeans,VAE,25_percent,VAE__25_percent,0.66866504432766138,10,rsg|50|200|5000
rsg,50,200,5000,KMeans,VAE,50_percent,VAE__50_percent,0.90055772442452098,10,rsg|50|200|5000
rsg,50,200,5000,KMeans,VAE,k_minus_1,VAE__k_minus_1,0.67087320311839627,10,rsg|50|200|5000
rsg,50,200,5000,OPTICS,Isomap,25_percent,Isomap__25_percent,0.0106313144320694,10,rsg|50|200|5000
rsg,50,200,5000,OPTICS,Isomap,50_percent,Isomap__50_percent,0.0027514731512515,10,rsg|50|200|5000
rsg,50,200,5000,OPTICS,Isomap,k_minus_1,Isomap__k_minus_1,0.0097010041972986905,10,rsg|50|200|5000
rsg,50,200,5000,OPTICS,KernelPCA,25_percent,KernelPCA__25_percent,0,10,rsg|50|200|5000
rsg,50,200,5000,OPTICS,KernelPCA,50_percent,KernelPCA__50_percent,0,10,rsg|50|200|5000
rsg,50,200,5000,OPTICS,KernelPCA,k_minus_1,KernelPCA__k_minus_1,0,10,rsg|50|200|5000
rsg,50,200,5000,OPTICS,MDS,25_percent,MDS__25_percent,0,10,rsg|50|200|5000
rsg,50,200,5000,OPTICS,MDS,50_percent,MDS__50_percent,0,10,rsg|50|200|5000
rsg,50,200,5000,OPTICS,MDS,k_minus_1,MDS__k_minus_1,0,10,rsg|50|200|5000
rsg,50,200,5000,OPTICS,None,original,None__original,0,10,rsg|50|200|5000
rsg,50,200,5000,OPTICS,PCA,25_percent,PCA__25_percent,0,10,rsg|50|200|5000
rsg,50,200,5000,OPTICS,PCA,50_percent,PCA__50_percent,0,10,rsg|50|200|5000
rsg,50,200,5000,OPTICS,PCA,k_minus_1,PCA__k_minus_1,0,10,rsg|50|200|5000
rsg,50,200,5000,OPTICS,VAE,25_percent,VAE__25_percent,0,10,rsg|50|200|5000
rsg,50,200,5000,OPTICS,VAE,50_percent,VAE__50_percent,0.019024082639332092,10,rsg|50|200|5000
rsg,50,200,5000,OPTICS,VAE,k_minus_1,VAE__k_minus_1,0,10,rsg|50|200|5000
